symbol,date,close,high,low,open,volume,adjClose,adjHigh,adjLow,adjOpen,adjVolume,divCash,splitFactor
VTRS,2020-11-16 00:00:00+00:00,15.86,16.15,15.34,15.64,26574200,14.8755895132,15.1475895736,14.3878652668,14.6692446397,26574200,0.0,1.0
VTRS,2020-11-17 00:00:00+00:00,16.34,17.93,15.3,15.39,60532936,15.3257965098,16.8171071861,14.3503480171,14.434761829,60532936,0.0,1.0
VTRS,2020-11-18 00:00:00+00:00,16.19,16.99,15.95,16.46,31517441,15.1851068233,15.9354518177,14.960003325,15.4383482589,31517441,0.0,1.0
VTRS,2020-11-19 00:00:00+00:00,18.11,18.2,15.99,16.0,35794059,16.9859348098,17.0703486217,14.9975205747,15.0068998872,35794059,0.0,1.0
VTRS,2020-11-20 00:00:00+00:00,17.13,18.42,17.0,18.4,38015407,16.0667621917,17.2766934951,15.9448311301,17.2579348702,38015407,0.0,1.0
VTRS,2020-11-23 00:00:00+00:00,16.77,17.25,16.5,17.2355,20717971,15.7291069442,16.1793139409,15.4758655086,16.1657139378,20717971,0.0,1.0
VTRS,2020-11-24 00:00:00+00:00,16.9,17.0,16.29,16.735,22966745,15.8510380058,15.9448311301,15.2788999476,15.6962793507,22966745,0.0,1.0
VTRS,2020-11-25 00:00:00+00:00,17.07,17.31,16.55,16.68,15353777,16.0104863171,16.2355898154,15.5227620708,15.6446931324,15353777,0.0,1.0
VTRS,2020-11-27 00:00:00+00:00,17.05,17.37,16.9,17.1,11024657,15.9917276923,16.29186569,15.8510380058,16.0386242544,11024657,0.0,1.0
VTRS,2020-11-30 00:00:00+00:00,16.82,17.16,16.8,17.03,21166326,15.7760035064,16.094900129,15.7572448815,15.9729690674,21166326,0.0,1.0
VTRS,2020-12-01 00:00:00+00:00,17.01,17.15,16.74,16.88,15032761,15.9542104425,16.0855208166,15.7009690069,15.832279381,15032761,0.0,1.0
VTRS,2020-12-02 00:00:00+00:00,17.125,17.27,16.84,16.9342,22173216,16.0620725355,16.1980725657,15.7947621312,15.8831152543,22173216,0.0,1.0
VTRS,2020-12-03 00:00:00+00:00,17.37,17.47,16.94,17.1358,16848384,16.29186569,16.3856588143,15.8885552555,16.0722021929,16848384,0.0,1.0
VTRS,2020-12-04 00:00:00+00:00,17.6,17.7,17.25,17.33,15946922,16.5075898759,16.6013830002,16.1793139409,16.2543484403,15946922,0.0,1.0
VTRS,2020-12-07 00:00:00+00:00,17.57,18.0,17.52,17.61,10008659,16.4794519386,16.8827623731,16.4325553764,16.5169691883,10008659,0.0,1.0
VTRS,2020-12-08 00:00:00+00:00,17.84,17.93,17.405,17.41,9303086,16.7326933742,16.8171071861,16.3246932835,16.3293829397,9303086,0.0,1.0
VTRS,2020-12-09 00:00:00+00:00,17.52,17.975,17.5,17.85,12701883,16.4325553764,16.859314092,16.4137967516,16.7420726866,12701883,0.0,1.0
VTRS,2020-12-10 00:00:00+00:00,17.69,17.85,17.3,17.32,9422490,16.5920036877,16.7420726866,16.226210503,16.2449691279,9422490,0.0,1.0
VTRS,2020-12-11 00:00:00+00:00,17.34,17.75,17.08,17.5,15842674,16.2637277527,16.6482795623,16.0198656295,16.4137967516,15842674,0.0,1.0
VTRS,2020-12-14 00:00:00+00:00,17.33,17.53,17.08,17.34,16694055,16.2543484403,16.4419346889,16.0198656295,16.2637277527,16694055,0.0,1.0
VTRS,2020-12-15 00:00:00+00:00,17.73,17.87,17.2,17.4,13189112,16.6295209375,16.7608313115,16.1324173787,16.3200036273,13189112,0.0,1.0
VTRS,2020-12-16 00:00:00+00:00,17.86,18.27,17.56,17.62,17203789,16.751451999,17.1360038087,16.4700726262,16.5263485007,17203789,0.0,1.0
VTRS,2020-12-17 00:00:00+00:00,17.72,17.89,17.55,17.75,14484983,16.620141625,16.7795899363,16.4606933137,16.6482795623,14484983,0.0,1.0
VTRS,2020-12-18 00:00:00+00:00,17.75,17.8,17.515,17.7,18226276,16.6482795623,16.6951761245,16.4278657202,16.6013830002,18226276,0.0,1.0
VTRS,2020-12-21 00:00:00+00:00,17.39,17.55,17.25,17.4,14799820,16.3106243149,16.4606933137,16.1793139409,16.3200036273,14799820,0.0,1.0
VTRS,2020-12-22 00:00:00+00:00,17.74,17.84,17.27,17.43,11415468,16.6389002499,16.7326933742,16.1980725657,16.3481415646,11415468,0.0,1.0
VTRS,2020-12-23 00:00:00+00:00,17.88,18.04,17.66,17.7467,6303385,16.7702106239,16.9202796228,16.5638657505,16.6451843892,6303385,0.0,1.0
VTRS,2020-12-24 00:00:00+00:00,17.77,17.92,17.67,17.8,1946680,16.6670381872,16.8077278736,16.5732450629,16.6951761245,1946680,0.0,1.0
VTRS,2020-12-28 00:00:00+00:00,17.74,17.88,17.62,17.8561,4929334,16.6389002499,16.7702106239,16.5263485007,16.7477940672,4929334,0.0,1.0
VTRS,2020-12-29 00:00:00+00:00,17.75,17.8,17.52,17.6607,4811911,16.6482795623,16.6951761245,16.4325553764,16.5645223023,4811911,0.0,1.0
VTRS,2020-12-30 00:00:00+00:00,18.13,18.18,17.58,17.61,10332307,17.0046934346,17.0515899968,16.488831251,16.5169691883,10332307,0.0,1.0
VTRS,2020-12-31 00:00:00+00:00,18.74,18.86,18.03,18.22,14375983,17.5768314928,17.689383242,16.9109003103,17.0891072465,14375983,0.0,1.0
VTRS,2021-01-04 00:00:00+00:00,18.54,18.77,18.21,18.66,12215605,17.3892452443,17.6049694301,17.0797279341,17.5017969934,12215605,0.0,1.0
VTRS,2021-01-05 00:00:00+00:00,18.1,18.605,17.81,18.49,12217787,16.9765554974,17.450210775,16.7045554369,17.3423486821,12217787,0.0,1.0
VTRS,2021-01-06 00:00:00+00:00,18.49,18.675,18.1,18.17,8625061,17.3423486821,17.5158659621,16.9765554974,17.0422106844,8625061,0.0,1.0
VTRS,2021-01-07 00:00:00+00:00,18.52,18.69,18.36,18.52,7195092,17.3704866194,17.5299349307,17.2204176205,17.3704866194,7195092,0.0,1.0
VTRS,2021-01-08 00:00:00+00:00,18.3,18.6,18.03,18.42,6893458,17.1641417459,17.4455211188,16.9109003103,17.2766934951,6893458,0.0,1.0
VTRS,2021-01-11 00:00:00+00:00,18.47,18.66,18.12,18.2,6961189,17.3235900572,17.5017969934,16.9953141222,17.0703486217,6961189,0.0,1.0
VTRS,2021-01-12 00:00:00+00:00,18.24,18.67,18.2,18.45,7677583,17.1078658714,17.5111763058,17.0703486217,17.3048314324,7677583,0.0,1.0
VTRS,2021-01-13 00:00:00+00:00,18.4,18.71,18.2,18.27,9185867,17.2579348702,17.5486935556,17.0703486217,17.1360038087,9185867,0.0,1.0
VTRS,2021-01-14 00:00:00+00:00,17.31,18.355,16.75,18.3373,44993158,16.2355898154,17.2157279643,15.7103483194,17.1991265813,44993158,0.0,1.0
VTRS,2021-01-15 00:00:00+00:00,17.05,17.2,16.7318,17.11,19765045,15.9917276923,16.1324173787,15.6932779708,16.0480035668,19765045,0.0,1.0
VTRS,2021-01-19 00:00:00+00:00,17.44,17.56,17.08,17.26,10847169,16.357520877,16.4700726262,16.0198656295,16.1886932533,10847169,0.0,1.0
VTRS,2021-01-20 00:00:00+00:00,17.69,17.71,17.31,17.45,9953076,16.5920036877,16.6107623126,16.2355898154,16.3669001894,9953076,0.0,1.0
VTRS,2021-01-21 00:00:00+00:00,17.31,17.62,16.8,17.36,13895074,16.2355898154,16.5263485007,15.7572448815,16.2824863776,13895074,0.0,1.0
VTRS,2021-01-22 00:00:00+00:00,17.43,17.52,17.1,17.244,5726564,16.3481415646,16.4325553764,16.0386242544,16.1736863534,5726564,0.0,1.0
VTRS,2021-01-25 00:00:00+00:00,17.23,17.4,17.125,17.26,9460056,16.160555316,16.3200036273,16.0620725355,16.1886932533,9460056,0.0,1.0
VTRS,2021-01-26 00:00:00+00:00,17.09,17.36,17.08,17.2,5968669,16.029244942,16.2824863776,16.0198656295,16.1324173787,5968669,0.0,1.0
VTRS,2021-01-27 00:00:00+00:00,16.86,17.17,16.61,17.0,14517707,15.8135207561,16.1042794414,15.5790379454,15.9448311301,14517707,0.0,1.0
VTRS,2021-01-28 00:00:00+00:00,17.19,17.445,16.84,16.9,9215227,16.1230380663,16.3622105332,15.7947621312,15.8510380058,9215227,0.0,1.0
VTRS,2021-01-29 00:00:00+00:00,16.99,17.58,16.9,17.25,8256088,15.9354518177,16.488831251,15.8510380058,16.1793139409,8256088,0.0,1.0
VTRS,2021-02-01 00:00:00+00:00,17.445,17.58,17.03,17.15,8954928,16.3622105332,16.488831251,15.9729690674,16.0855208166,8954928,0.0,1.0
VTRS,2021-02-02 00:00:00+00:00,17.38,17.75,17.36,17.57,9185721,16.3012450024,16.6482795623,16.2824863776,16.4794519386,9185721,0.0,1.0
VTRS,2021-02-03 00:00:00+00:00,18.09,18.38,17.3,17.3,15935468,16.9671761849,17.2391762454,16.226210503,16.226210503,15935468,0.0,1.0
VTRS,2021-02-04 00:00:00+00:00,18.0,18.28,17.71,18.11,7266619,16.8827623731,17.1453831211,16.6107623126,16.9859348098,7266619,0.0,1.0
VTRS,2021-02-05 00:00:00+00:00,17.895,18.075,17.64,18.02,7864581,16.7842795926,16.9531072163,16.5451071256,16.9015209979,7864581,0.0,1.0
VTRS,2021-02-08 00:00:00+00:00,18.0,18.04,17.715,17.99,7331816,16.8827623731,16.9202796228,16.6154519688,16.8733830606,7331816,0.0,1.0
VTRS,2021-02-09 00:00:00+00:00,18.47,18.55,17.84,17.85,6552614,17.3235900572,17.3986245567,16.7326933742,16.7420726866,6552614,0.0,1.0
VTRS,2021-02-10 00:00:00+00:00,18.39,18.67,18.21,18.53,7284584,17.2485555578,17.5111763058,17.0797279341,17.3798659318,7284584,0.0,1.0
VTRS,2021-02-11 00:00:00+00:00,18.24,18.44,18.07,18.22,5498144,17.1078658714,17.29545212,16.9484175601,17.0891072465,5498144,0.0,1.0
VTRS,2021-02-12 00:00:00+00:00,18.24,18.4,18.03,18.1,4469254,17.1078658714,17.2579348702,16.9109003103,16.9765554974,4469254,0.0,1.0
VTRS,2021-02-16 00:00:00+00:00,18.335,18.39,18.09,18.35,5009322,17.1969693394,17.2485555578,16.9671761849,17.2110383081,5009322,0.0,1.0
VTRS,2021-02-17 00:00:00+00:00,18.52,18.545,18.17,18.2804,4675977,17.3704866194,17.3939349005,17.0422106844,17.1457582936,4675977,0.0,1.0
VTRS,2021-02-18 00:00:00+00:00,18.27,18.68,18.25,18.61,6811975,17.1360038087,17.5205556183,17.1172451838,17.4549004313,6811975,0.0,1.0
VTRS,2021-02-19 00:00:00+00:00,18.21,18.48,18.16,18.22,10868936,17.0797279341,17.3329693697,17.0328313719,17.0891072465,10868936,0.0,1.0
VTRS,2021-02-22 00:00:00+00:00,15.5,16.8,15.49,16.547,39258346,14.5379342657,15.7572448815,14.5285549533,15.5199482771,39258346,0.0,1.0
VTRS,2021-02-23 00:00:00+00:00,15.22,15.77,14.93,15.74,21414370,14.2753135177,14.7911757013,14.0033134572,14.763037764,21414370,0.0,1.0
VTRS,2021-02-24 00:00:00+00:00,15.3,15.47,14.94,15.33,15465558,14.3503480171,14.5097963284,14.0126927696,14.3784859544,15465558,0.0,1.0
VTRS,2021-02-25 00:00:00+00:00,15.05,15.38,14.855,15.29,16256947,14.1158652064,14.4253825165,13.932968614,14.3409687047,16256947,0.0,1.0
VTRS,2021-02-26 00:00:00+00:00,14.85,15.0,14.56,14.93,15691014,13.9282789578,14.0689686442,13.6562788973,14.0033134572,15691014,0.0,1.0
VTRS,2021-03-01 00:00:00+00:00,14.72,15.3,14.615,15.049,11913861,13.8063478962,14.3503480171,13.7078651157,14.1149272751,11913861,0.0,1.0
VTRS,2021-03-02 00:00:00+00:00,14.29,14.7,14.135,14.55,16236590,13.4030374617,13.7875892713,13.2576581191,13.6468995849,16236590,0.0,1.0
VTRS,2021-03-03 00:00:00+00:00,13.88,14.24,13.5308,14.17,24164102,13.0184856521,13.3561408996,12.6909600621,13.2904857126,24164102,0.0,1.0
VTRS,2021-03-04 00:00:00+00:00,13.59,13.8,13.31,13.6707,18720691,12.7464855917,12.9434511527,12.4838648436,12.822176643,18720691,0.0,1.0
VTRS,2021-03-05 00:00:00+00:00,13.91,13.99,13.36,13.69,13295277,13.0466235894,13.1216580888,12.5307614058,12.840278716,13295277,0.0,1.0
VTRS,2021-03-08 00:00:00+00:00,13.83,14.05,13.68,13.76,11899589,12.97158909,13.1779339634,12.8308994035,12.905933903,11899589,0.0,1.0
VTRS,2021-03-09 00:00:00+00:00,13.91,14.215,13.71,13.93,10908802,13.0466235894,13.3326926185,12.8590373408,13.0653822143,10908802,0.0,1.0
VTRS,2021-03-10 00:00:00+00:00,14.06,14.23,13.83,14.05,8696611,13.1873132758,13.3467615871,12.97158909,13.1779339634,8696611,0.0,1.0
VTRS,2021-03-11 00:00:00+00:00,14.1,14.22,13.92,14.13,8355305,13.2248305256,13.3373822747,13.0560029018,13.2529684629,8355305,0.0,1.0
VTRS,2021-03-12 00:00:00+00:00,14.36,14.385,13.9882,14.07,7784448,13.4686926487,13.4921409298,13.1199698126,13.1966925883,7784448,0.0,1.0
VTRS,2021-03-15 00:00:00+00:00,14.67,14.685,14.23,14.27,9915013,13.759451334,13.7735203027,13.3467615871,13.3842788369,9915013,0.0,1.0
VTRS,2021-03-16 00:00:00+00:00,14.53,14.73,14.4435,14.67,10558616,13.62814096,13.8157272086,13.5470099075,13.759451334,10558616,0.0,1.0
VTRS,2021-03-17 00:00:00+00:00,15.08,15.1,14.42,14.43,10784529,14.1440031437,14.1627617685,13.5249685233,13.5343478357,10784529,0.0,1.0
VTRS,2021-03-18 00:00:00+00:00,14.59,15.03,14.5,14.97,9877532,13.6844168346,14.0971065815,13.6000030227,14.0408307069,9877532,0.0,1.0
VTRS,2021-03-19 00:00:00+00:00,14.78,14.88,14.5273,14.66,11373733,13.8626237708,13.9564168951,13.6256085457,13.7500720216,11373733,0.0,1.0
VTRS,2021-03-22 00:00:00+00:00,14.79,14.935,14.6301,14.91,7738991,13.8720030832,14.0080031134,13.7220278775,13.9845548324,7738991,0.0,1.0
VTRS,2021-03-23 00:00:00+00:00,14.17,14.75,14.115,14.75,8881196,13.2904857126,13.8344858335,13.2388994942,13.8344858335,8881196,0.0,1.0
VTRS,2021-03-24 00:00:00+00:00,14.01,14.22,13.9413,14.15,9597144,13.1404167137,13.3373822747,13.0759808373,13.2717270877,9597144,0.0,1.0
VTRS,2021-03-25 00:00:00+00:00,14.02,14.15,13.9232,14.15,10229296,13.1497960261,13.2717270877,13.0590042818,13.2717270877,10229296,0.0,1.0
VTRS,2021-03-26 00:00:00+00:00,14.36,14.44,14.02,14.07,6336236,13.4686926487,13.5437271482,13.1497960261,13.1966925883,6336236,0.0,1.0
VTRS,2021-03-29 00:00:00+00:00,14.32,14.42,14.17,14.2674,6174160,13.431175399,13.5249685233,13.2904857126,13.3818402156,6174160,0.0,1.0
VTRS,2021-03-30 00:00:00+00:00,14.15,14.32,13.945,14.2874,11407822,13.2717270877,13.431175399,13.0794511829,13.4005988405,11407822,0.0,1.0
VTRS,2021-03-31 00:00:00+00:00,13.97,14.28,13.89,14.095,13875776,13.102899464,13.3936581493,13.0278649645,13.2201408693,13875776,0.0,1.0
VTRS,2021-04-01 00:00:00+00:00,13.9,14.08,13.86,13.96,7053676,13.037244277,13.2060719007,12.9997270273,13.0935201516,7053676,0.0,1.0
VTRS,2021-04-05 00:00:00+00:00,14.05,14.16,13.86,13.92,7957570,13.1779339634,13.2811064001,12.9997270273,13.0560029018,7957570,0.0,1.0
VTRS,2021-04-06 00:00:00+00:00,13.83,14.1,13.79,13.95,7906722,12.97158909,13.2248305256,12.9340718403,13.0841408391,7906722,0.0,1.0
VTRS,2021-04-07 00:00:00+00:00,13.39,13.88,13.36,13.87,17606411,12.5588993431,13.0184856521,12.5307614058,13.0091063397,17606411,0.0,1.0
VTRS,2021-04-08 00:00:00+00:00,13.29,13.49,13.11,13.41,12121140,12.4651062188,12.6526924674,12.296278595,12.5776579679,12121140,0.0,1.0
VTRS,2021-04-09 00:00:00+00:00,13.395,13.405,13.21,13.3,9011368,12.5635889993,12.5729683117,12.3900717193,12.4744855312,9011368,0.0,1.0
VTRS,2021-04-12 00:00:00+00:00,13.26,13.44,13.2,13.43,7928744,12.4369682815,12.6057959052,12.3806924069,12.5964165928,7928744,0.0,1.0
VTRS,2021-04-13 00:00:00+00:00,12.97,13.295,12.94,13.24,11636094,12.164968221,12.469795875,12.1368302837,12.4182096566,11636094,0.0,1.0
VTRS,2021-04-14 00:00:00+00:00,13.21,13.36,13.01,13.02,8852930,12.3900717193,12.5307614058,12.2024854708,12.2118647832,8852930,0.0,1.0
VTRS,2021-04-15 00:00:00+00:00,13.28,13.43,13.1529,13.22,7554514,12.4557269063,12.5964165928,12.3365158454,12.3994510318,7554514,0.0,1.0
VTRS,2021-04-16 00:00:00+00:00,13.4,13.47,13.13,13.39,7869084,12.5682786555,12.6339338425,12.3150372199,12.5588993431,7869084,0.0,1.0
VTRS,2021-04-19 00:00:00+00:00,13.25,13.53,13.22,13.4,8939812,12.4275889691,12.6902097171,12.3994510318,12.5682786555,8939812,0.0,1.0
VTRS,2021-04-20 00:00:00+00:00,13.11,13.21,12.97,13.16,8633780,12.296278595,12.3900717193,12.164968221,12.3431751572,8633780,0.0,1.0
VTRS,2021-04-21 00:00:00+00:00,13.3,13.31,12.99,13.0451,7782000,12.4744855312,12.4838648436,12.1837268459,12.2354068574,7782000,0.0,1.0
VTRS,2021-04-22 00:00:00+00:00,13.36,13.6,13.289,13.31,7805486,12.5307614058,12.7558649041,12.4641682875,12.4838648436,7805486,0.0,1.0
VTRS,2021-04-23 00:00:00+00:00,13.36,13.455,13.215,13.38,4872251,12.5307614058,12.6198648739,12.3947613756,12.5495200306,4872251,0.0,1.0
VTRS,2021-04-26 00:00:00+00:00,13.55,13.68,13.39,13.4,5775368,12.7089683419,12.8308994035,12.5588993431,12.5682786555,5775368,0.0,1.0
VTRS,2021-04-27 00:00:00+00:00,13.28,13.59,13.19,13.52,17598887,12.4557269063,12.7464855917,12.3713130945,12.6808304047,17598887,0.0,1.0
VTRS,2021-04-28 00:00:00+00:00,13.46,13.52,13.28,13.33,6341270,12.6245545301,12.6808304047,12.4557269063,12.5026234685,6341270,0.0,1.0
VTRS,2021-04-29 00:00:00+00:00,13.36,13.66,13.23,13.55,7950879,12.5307614058,12.8121407787,12.4088303442,12.7089683419,7950879,0.0,1.0
VTRS,2021-04-30 00:00:00+00:00,13.3,13.52,13.26,13.395,6980014,12.4744855312,12.6808304047,12.4369682815,12.5635889993,6980014,0.0,1.0
VTRS,2021-05-03 00:00:00+00:00,13.5,13.55,13.19,13.26,6551907,12.6620717798,12.7089683419,12.3713130945,12.4369682815,6551907,0.0,1.0
VTRS,2021-05-04 00:00:00+00:00,13.4,13.64,13.26,13.49,10607869,12.5682786555,12.7933821538,12.4369682815,12.6526924674,10607869,0.0,1.0
VTRS,2021-05-05 00:00:00+00:00,13.64,13.7,13.3,13.4,12021958,12.7933821538,12.8496580284,12.4744855312,12.5682786555,12021958,0.0,1.0
VTRS,2021-05-06 00:00:00+00:00,13.93,13.94,13.435,13.62,12011990,13.0653822143,13.0747615267,12.601106249,12.7746235289,12011990,0.0,1.0
VTRS,2021-05-07 00:00:00+00:00,14.08,14.1,13.78,13.8217,12729327,13.2060719007,13.2248305256,12.9246925278,12.9638042607,12729327,0.0,1.0
VTRS,2021-05-10 00:00:00+00:00,15.04,15.475,14.8,14.98,30043815,14.1064858939,14.5144859846,13.8813823956,14.0502100194,30043815,0.0,1.0
VTRS,2021-05-11 00:00:00+00:00,15.14,15.5,14.85,14.937,11072430,14.2002790182,14.5379342657,13.9282789578,14.0098789759,11072430,0.0,1.0
VTRS,2021-05-12 00:00:00+00:00,15.72,15.855,15.17,15.2,20028273,14.7442791391,14.8708998569,14.2284169555,14.2565548928,20028273,0.0,1.0
VTRS,2021-05-13 00:00:00+00:00,15.93,16.05,15.55,15.56,10777580,14.9412447002,15.0537964493,14.5848308278,14.5942101403,10777580,0.0,1.0
VTRS,2021-05-14 00:00:00+00:00,16.0,16.1,15.75,16.03,9219637,15.0068998872,15.1006930115,14.7724170764,15.0350378245,9219637,0.0,1.0
VTRS,2021-05-17 00:00:00+00:00,16.15,16.29,15.95,15.98,14821635,15.1475895736,15.2788999476,14.960003325,14.9881412623,14821635,0.0,1.0
VTRS,2021-05-18 00:00:00+00:00,16.05,16.15,15.8,16.1,8309318,15.0537964493,15.1475895736,14.8193136386,15.1006930115,8309318,0.0,1.0
VTRS,2021-05-19 00:00:00+00:00,15.5,15.95,15.45,15.95,11168039,14.5379342657,14.960003325,14.4910377035,14.960003325,11168039,0.0,1.0
VTRS,2021-05-20 00:00:00+00:00,15.59,15.71,15.37,15.54,11514201,14.6223480776,14.7348998267,14.4160032041,14.5754515154,11514201,0.0,1.0
VTRS,2021-05-21 00:00:00+00:00,15.31,15.6544,15.29,15.5,10763915,14.4628997663,14.7882441607,14.4440063636,14.6423870919,10763915,0.11,1.0
VTRS,2021-05-24 00:00:00+00:00,15.36,15.535,15.29,15.3744,9096732,14.510133273,14.6754505466,14.4440063636,14.5237365229,9096732,0.0,1.0
VTRS,2021-05-25 00:00:00+00:00,14.98,15.34,14.93,15.32,7633696,14.1511586217,14.4912398703,14.103925115,14.4723464676,7633696,0.0,1.0
VTRS,2021-05-26 00:00:00+00:00,15.16,15.18,14.87,15.0078,5402887,14.321199246,14.3400926487,14.0472449069,14.1774204515,5402887,0.0,1.0
VTRS,2021-05-27 00:00:00+00:00,15.14,15.27,15.08,15.1747,10649152,14.3023058433,14.4251129609,14.2456256352,14.335085897,10649152,0.0,1.0
VTRS,2021-05-28 00:00:00+00:00,15.24,15.33,15.11,15.2,4537889,14.3967728568,14.481793169,14.2739657393,14.3589860514,4537889,0.0,1.0
VTRS,2021-06-01 00:00:00+00:00,15.26,15.3763,15.155,15.255,5467991,14.4156662595,14.5255313962,14.3164758953,14.4109429088,5467991,0.0,1.0
VTRS,2021-06-02 00:00:00+00:00,15.46,15.56,15.12,15.26,6202298,14.6046002865,14.6990673,14.2834124406,14.4156662595,6202298,0.0,1.0
VTRS,2021-06-03 00:00:00+00:00,15.41,15.535,15.365,15.44,5189854,14.5573667798,14.6754505466,14.5148566237,14.5857068838,5189854,0.0,1.0
VTRS,2021-06-04 00:00:00+00:00,15.39,15.475,15.265,15.43,5124847,14.5384733771,14.6187703385,14.4203896102,14.5762601825,5124847,0.0,1.0
VTRS,2021-06-07 00:00:00+00:00,15.39,15.46,15.27,15.39,5966929,14.5384733771,14.6046002865,14.4251129609,14.5384733771,5966929,0.0,1.0
VTRS,2021-06-08 00:00:00+00:00,15.49,15.57,15.23,15.42,5362760,14.6329403905,14.7085140013,14.3873261555,14.5668134811,5362760,0.0,1.0
VTRS,2021-06-09 00:00:00+00:00,15.45,15.555,15.4,15.48,4976944,14.5951535852,14.6943439493,14.5479200784,14.6234936892,4976944,0.0,1.0
VTRS,2021-06-10 00:00:00+00:00,15.79,15.92,15.41,15.46,7259883,14.916341431,15.0391485486,14.5573667798,14.6046002865,7259883,0.0,1.0
VTRS,2021-06-11 00:00:00+00:00,15.73,15.79,15.63,15.76,4135734,14.8596612229,14.916341431,14.7651942094,14.888001327,4135734,0.0,1.0
VTRS,2021-06-14 00:00:00+00:00,15.63,15.79,15.56,15.73,4292134,14.7651942094,14.916341431,14.6990673,14.8596612229,4292134,0.0,1.0
VTRS,2021-06-15 00:00:00+00:00,15.3,15.68,15.12,15.61,6926739,14.4534530649,14.8124277162,14.2834124406,14.7463008067,6926739,0.0,1.0
VTRS,2021-06-16 00:00:00+00:00,15.22,15.4805,15.11,15.44,5757991,14.3778794541,14.6239660243,14.2739657393,14.5857068838,5757991,0.0,1.0
VTRS,2021-06-17 00:00:00+00:00,14.67,15.1849,14.6,15.13,12277867,13.8583108799,14.3447215324,13.7921839704,14.292859142,12277867,0.0,1.0
VTRS,2021-06-18 00:00:00+00:00,14.26,14.635,14.2,14.635,12943889,13.4709961245,13.8252474252,13.4143159164,13.8252474252,12943889,0.0,1.0
VTRS,2021-06-21 00:00:00+00:00,14.35,14.38,14.11,14.2407,6775303,13.5560164367,13.5843565407,13.3292956043,13.4527639909,6775303,0.0,1.0
VTRS,2021-06-22 00:00:00+00:00,14.22,14.4,14.11,14.4,6502487,13.4332093191,13.6032499434,13.3292956043,13.6032499434,6502487,0.0,1.0
VTRS,2021-06-23 00:00:00+00:00,14.17,14.32,14.11,14.28,4820753,13.3859758124,13.5276763326,13.3292956043,13.4898895272,4820753,0.0,1.0
VTRS,2021-06-24 00:00:00+00:00,14.36,14.42,14.13,14.25,5848396,13.565463138,13.6221433461,13.348189007,13.4615494232,5848396,0.0,1.0
VTRS,2021-06-25 00:00:00+00:00,14.57,14.63,14.34,14.39,7602062,13.7638438664,13.8205240745,13.5465697353,13.5938032421,7602062,0.0,1.0
VTRS,2021-06-28 00:00:00+00:00,14.38,14.6,14.3,14.56,4641726,13.5843565407,13.7921839704,13.5087829299,13.754397165,4641726,0.0,1.0
VTRS,2021-06-29 00:00:00+00:00,14.52,14.56,14.31,14.38,5006666,13.7166103596,13.754397165,13.5182296313,13.5843565407,5006666,0.0,1.0
VTRS,2021-06-30 00:00:00+00:00,14.29,14.54,14.27,14.52,6822004,13.4993362286,13.7355037623,13.4804428259,13.7166103596,6822004,0.0,1.0
VTRS,2021-07-01 00:00:00+00:00,14.75,14.77,14.38,14.38,6228768,13.9338844907,13.9527778934,13.5843565407,13.5843565407,6228768,0.0,1.0
VTRS,2021-07-02 00:00:00+00:00,14.71,14.82,14.4531,14.81,5730207,13.8960976853,14.0000114001,13.6534119276,13.9905646988,5730207,0.0,1.0
VTRS,2021-07-06 00:00:00+00:00,14.19,14.75,14.17,14.71,7876931,13.4048692151,13.9338844907,13.3859758124,13.8960976853,7876931,0.0,1.0
VTRS,2021-07-07 00:00:00+00:00,14.03,14.22,13.92,14.21,7370583,13.2537219935,13.4332093191,13.1498082787,13.4237626178,7370583,0.0,1.0
VTRS,2021-07-08 00:00:00+00:00,13.78,14.0,13.75,13.92,6935269,13.0175544598,13.2253818895,12.9892143557,13.1498082787,6935269,0.0,1.0
VTRS,2021-07-09 00:00:00+00:00,14.31,14.43,13.92,13.95,7715226,13.5182296313,13.6315900475,13.1498082787,13.1781483827,7715226,0.0,1.0
VTRS,2021-07-12 00:00:00+00:00,14.18,14.27,14.05,14.19,4981195,13.3954225137,13.4804428259,13.2726153962,13.4048692151,4981195,0.0,1.0
VTRS,2021-07-13 00:00:00+00:00,13.92,14.25,13.83,14.21,8955679,13.1498082787,13.4615494232,13.0647879665,13.4237626178,8955679,0.0,1.0
VTRS,2021-07-14 00:00:00+00:00,14.07,14.16,13.89,13.93,5894398,13.2915087989,13.3765291111,13.1214681746,13.15925498,5894398,0.0,1.0
VTRS,2021-07-15 00:00:00+00:00,13.88,14.175,13.83,14.03,4839524,13.1120214733,13.3906991631,13.0647879665,13.2537219935,4839524,0.0,1.0
VTRS,2021-07-16 00:00:00+00:00,13.76,13.91,13.74,13.87,4793928,12.9986610571,13.1403615773,12.9797676544,13.1025747719,4793928,0.0,1.0
VTRS,2021-07-19 00:00:00+00:00,13.6,13.68,13.24,13.6,8495541,12.8475138355,12.9230874463,12.5074325869,12.8475138355,8495541,0.0,1.0
VTRS,2021-07-20 00:00:00+00:00,13.89,13.97,13.6,13.6249,9471644,13.1214681746,13.1970417854,12.8475138355,12.8710361218,9471644,0.0,1.0
VTRS,2021-07-21 00:00:00+00:00,14.06,14.12,13.895,13.9635,4750106,13.2820620976,13.3387423057,13.1261915253,13.1909014295,4750106,0.0,1.0
VTRS,2021-07-22 00:00:00+00:00,13.85,13.98,13.77,13.96,4225563,13.0836813692,13.2064884868,13.0081077584,13.1875950841,4225563,0.0,1.0
VTRS,2021-07-23 00:00:00+00:00,13.92,13.99,13.8025,13.99,3575798,13.1498082787,13.2159351881,13.0388095378,13.2159351881,3575798,0.0,1.0
VTRS,2021-07-26 00:00:00+00:00,13.84,14.06,13.78,13.87,3965032,13.0742346679,13.2820620976,13.0175544598,13.1025747719,3965032,0.0,1.0
VTRS,2021-07-27 00:00:00+00:00,13.91,13.945,13.695,13.81,5219313,13.1403615773,13.173425032,12.9372574983,13.0458945638,5219313,0.0,1.0
VTRS,2021-07-28 00:00:00+00:00,14.23,14.38,13.8346,13.87,6726949,13.4426560205,13.5843565407,13.0691334491,13.1025747719,6726949,0.0,1.0
VTRS,2021-07-29 00:00:00+00:00,14.29,14.68,14.26,14.64,5336513,13.4993362286,13.8677575812,13.4709961245,13.8299707758,5336513,0.0,1.0
VTRS,2021-07-30 00:00:00+00:00,14.07,14.43,13.98,14.33,6903081,13.2915087989,13.6315900475,13.2064884868,13.537123034,6903081,0.0,1.0
VTRS,2021-08-02 00:00:00+00:00,14.23,14.37,14.0823,14.13,5854669,13.4426560205,13.5749098394,13.3031282416,13.348189007,5854669,0.0,1.0
VTRS,2021-08-03 00:00:00+00:00,14.19,14.32,13.89,14.24,4935701,13.4048692151,13.5276763326,13.1214681746,13.4521027218,4935701,0.0,1.0
VTRS,2021-08-04 00:00:00+00:00,13.76,14.18,13.675,14.01,10168548,12.9986610571,13.3954225137,12.9183640956,13.2348285908,10168548,0.0,1.0
VTRS,2021-08-05 00:00:00+00:00,13.93,13.94,13.7321,13.78,8143319,13.15925498,13.1687016814,12.9723047603,13.0175544598,8143319,0.0,1.0
VTRS,2021-08-06 00:00:00+00:00,14.25,14.26,13.9,14.0578,9497965,13.4615494232,13.4709961245,13.130914876,13.2799838233,9497965,0.0,1.0
VTRS,2021-08-09 00:00:00+00:00,15.1,15.17,14.43,14.67,15511811,14.2645190379,14.3306459474,13.6315900475,13.8583108799,15511811,0.0,1.0
VTRS,2021-08-10 00:00:00+00:00,15.11,15.25,14.765,15.0493,8887631,14.2739657393,14.4062195582,13.9480545427,14.2166242621,8887631,0.0,1.0
VTRS,2021-08-11 00:00:00+00:00,14.82,15.16,14.75,15.16,7793352,14.0000114001,14.321199246,13.9338844907,14.321199246,7793352,0.0,1.0
VTRS,2021-08-12 00:00:00+00:00,14.95,15.065,14.74,14.87,5585550,14.1228185177,14.2314555832,13.9244377893,14.0472449069,5585550,0.0,1.0
VTRS,2021-08-13 00:00:00+00:00,14.95,15.05,14.85,14.97,3649306,14.1228185177,14.2172855312,14.0283515042,14.1417119204,3649306,0.0,1.0
VTRS,2021-08-16 00:00:00+00:00,14.91,15.0,14.7637,14.92,3990238,14.0850317123,14.1700520244,13.9468264715,14.0944784136,3990238,0.0,1.0
VTRS,2021-08-17 00:00:00+00:00,14.77,14.87,14.45,14.83,5207801,13.9527778934,14.0472449069,13.6504834502,14.0094581015,5207801,0.0,1.0
VTRS,2021-08-18 00:00:00+00:00,14.79,15.06,14.71,14.73,7691535,13.9716712961,14.2267322325,13.8960976853,13.914991088,7691535,0.0,1.0
VTRS,2021-08-19 00:00:00+00:00,14.73,14.86,14.62,14.6466,6676482,13.914991088,14.0377982055,13.8110773731,13.8362055987,6676482,0.0,1.0
VTRS,2021-08-20 00:00:00+00:00,14.69,14.86,14.59,14.61,7276904,13.8772042826,14.0377982055,13.7827372691,13.8016306718,7276904,0.0,1.0
VTRS,2021-08-23 00:00:00+00:00,14.76,14.89,14.555,14.63,7145155,14.0472449069,14.1709672536,13.8521442832,13.9235225601,7145155,0.11,1.0
VTRS,2021-08-24 00:00:00+00:00,14.66,14.855,14.63,14.77,6507648,13.9520738709,14.137657391,13.9235225601,14.0567620105,6507648,0.0,1.0
VTRS,2021-08-25 00:00:00+00:00,14.52,14.58,14.395,14.58,5767486,13.8188344206,13.8759370422,13.6998706256,13.8759370422,5767486,0.0,1.0
VTRS,2021-08-26 00:00:00+00:00,14.29,14.53,14.16,14.52,5223048,13.5999410379,13.8283515242,13.4762186911,13.8188344206,5223048,0.0,1.0
VTRS,2021-08-27 00:00:00+00:00,14.37,14.47,14.29,14.32,5343947,13.6760778667,13.7712489026,13.5999410379,13.6284923487,5343947,0.0,1.0
VTRS,2021-08-30 00:00:00+00:00,14.41,14.52,14.3,14.33,6625852,13.714146281,13.8188344206,13.6094581415,13.6380094523,6625852,0.0,1.0
VTRS,2021-08-31 00:00:00+00:00,14.63,14.64,14.32,14.35,10442635,13.9235225601,13.9330396637,13.6284923487,13.6570436595,10442635,0.0,1.0
VTRS,2021-09-01 00:00:00+00:00,14.59,14.65,14.43,14.62,19478196,13.8854541458,13.9425567673,13.7331804882,13.9140054565,19478196,0.0,1.0
VTRS,2021-09-02 00:00:00+00:00,15.13,15.14,14.55,14.55,6633448,14.3993777399,14.4088948435,13.8473857314,13.8473857314,6633448,0.0,1.0
VTRS,2021-09-03 00:00:00+00:00,14.89,15.19,14.87,15.01,5536361,14.1709672536,14.4564803615,14.1519330464,14.2851724968,5536361,0.0,1.0
VTRS,2021-09-07 00:00:00+00:00,14.66,14.91,14.545,14.86,5517652,13.9520738709,14.1900014608,13.8426271796,14.1424159428,5517652,0.0,1.0
VTRS,2021-09-08 00:00:00+00:00,14.55,14.61,14.375,14.57,4410300,13.8473857314,13.9044883529,13.6808364184,13.8664199386,4410300,0.0,1.0
VTRS,2021-09-09 00:00:00+00:00,14.29,14.52,14.205,14.515,7198038,13.5999410379,13.8188344206,13.5190456573,13.8140758688,7198038,0.0,1.0
VTRS,2021-09-10 00:00:00+00:00,13.8,14.38,13.77,14.37,10822492,13.1336029617,13.6855949702,13.1050516509,13.6760778667,10822492,0.0,1.0
VTRS,2021-09-13 00:00:00+00:00,13.92,14.06,13.78,13.85,9028215,13.2478082049,13.3810476552,13.1145687545,13.1811884797,9028215,0.0,1.0
VTRS,2021-09-14 00:00:00+00:00,13.68,14.04,13.64,14.0,6480153,13.0193977186,13.362013448,12.9813293042,13.3239450336,6480153,0.0,1.0
VTRS,2021-09-15 00:00:00+00:00,13.73,13.78,13.6,13.62,5965226,13.0669832365,13.1145687545,12.9432608898,12.962295097,5965226,0.0,1.0
VTRS,2021-09-16 00:00:00+00:00,13.69,13.85,13.56,13.74,5252681,13.0289148222,13.1811884797,12.9051924754,13.0765003401,5252681,0.0,1.0
VTRS,2021-09-17 00:00:00+00:00,13.57,13.705,13.51,13.55,22841214,12.914709579,13.0431904776,12.8576069574,12.8956753718,22841214,0.0,1.0
VTRS,2021-09-20 00:00:00+00:00,13.33,13.535,13.2,13.44,10547656,12.6862990927,12.8813997164,12.562576746,12.7909872323,10547656,0.0,1.0
VTRS,2021-09-21 00:00:00+00:00,13.28,13.55,13.22,13.41,6044737,12.6387135747,12.8956753718,12.5816109532,12.7624359215,6044737,0.0,1.0
VTRS,2021-09-22 00:00:00+00:00,13.25,13.49,13.24,13.36,5823323,12.610162264,12.8385727503,12.6006451604,12.7148504035,5823323,0.0,1.0
VTRS,2021-09-23 00:00:00+00:00,13.34,13.5,13.215,13.3,6912852,12.6958161963,12.8480898538,12.5768524014,12.6577477819,6912852,0.0,1.0
VTRS,2021-09-24 00:00:00+00:00,13.38,13.469,13.28,13.31,3741254,12.7338846107,12.8185868327,12.6387135747,12.6672648855,3741254,0.0,1.0
VTRS,2021-09-27 00:00:00+00:00,13.82,13.88,13.43,13.47,8620574,13.1526371689,13.2097397905,12.7814701287,12.8195385431,8620574,0.0,1.0
VTRS,2021-09-28 00:00:00+00:00,13.7,13.95,13.65,13.82,9768196,13.0384319258,13.2763595156,12.9908464078,13.1526371689,9768196,0.0,1.0
VTRS,2021-09-29 00:00:00+00:00,13.86,13.95,13.61,13.68,4922154,13.1907055833,13.2763595156,12.9527779934,13.0193977186,4922154,0.0,1.0
VTRS,2021-09-30 00:00:00+00:00,13.55,13.9901,13.48,13.92,9110337,12.8956753718,13.3145231011,12.8290556467,13.2478082049,9110337,0.0,1.0
VTRS,2021-10-01 00:00:00+00:00,13.6,13.725,13.46,13.56,7078474,12.9432608898,13.0622246847,12.8100214395,12.9051924754,7078474,0.0,1.0
VTRS,2021-10-04 00:00:00+00:00,13.43,13.775,13.31,13.7596,7955497,12.7814701287,13.1098102027,12.6672648855,13.0951538632,7955497,0.0,1.0
VTRS,2021-10-05 00:00:00+00:00,13.5,13.665,13.32,13.345,8878609,12.8480898538,13.0051220632,12.6767819891,12.7005747481,8878609,0.0,1.0
VTRS,2021-10-06 00:00:00+00:00,13.44,13.575,13.31,13.4,7980683,12.7909872323,12.9194681308,12.6672648855,12.7529188179,7980683,0.0,1.0
VTRS,2021-10-07 00:00:00+00:00,13.63,13.81,13.54,13.55,4881954,12.9718122006,13.1431200653,12.8861582682,12.8956753718,4881954,0.0,1.0
VTRS,2021-10-08 00:00:00+00:00,13.63,13.8264,13.6,13.69,4399560,12.9718122006,13.1587281152,12.9432608898,13.0289148222,4399560,0.0,1.0
VTRS,2021-10-11 00:00:00+00:00,13.61,13.865,13.59,13.64,5129209,12.9527779934,13.1954641351,12.9337437862,12.9813293042,5129209,0.0,1.0
VTRS,2021-10-12 00:00:00+00:00,13.46,13.69,13.36,13.62,5908404,12.8100214395,13.0289148222,12.7148504035,12.962295097,5908404,0.0,1.0
VTRS,2021-10-13 00:00:00+00:00,13.37,13.56,13.346,13.45,4642516,12.7243675071,12.9051924754,12.7015264585,12.8005043359,4642516,0.0,1.0
VTRS,2021-10-14 00:00:00+00:00,13.48,13.66,13.45,13.45,5379515,12.8290556467,13.0003635114,12.8005043359,12.8005043359,5379515,0.0,1.0
VTRS,2021-10-15 00:00:00+00:00,13.46,13.67,13.43,13.64,5633097,12.8100214395,13.009880615,12.7814701287,12.9813293042,5633097,0.0,1.0
VTRS,2021-10-18 00:00:00+00:00,13.49,13.52,13.21,13.4539,8644061,12.8385727503,12.867124061,12.5720938496,12.8042160063,8644061,0.0,1.0
VTRS,2021-10-19 00:00:00+00:00,13.57,13.63,13.44,13.55,4969623,12.914709579,12.9718122006,12.7909872323,12.8956753718,4969623,0.0,1.0
VTRS,2021-10-20 00:00:00+00:00,13.99,14.05,13.62,13.63,7193473,13.31442793,13.3715305516,12.962295097,12.9718122006,7193473,0.0,1.0
VTRS,2021-10-21 00:00:00+00:00,14.01,14.05,13.81,13.9,4165570,13.3334621372,13.3715305516,13.1431200653,13.2287739977,4165570,0.0,1.0
VTRS,2021-10-22 00:00:00+00:00,13.94,14.1,13.905,14.01,3719579,13.266842412,13.4191160696,13.2335325495,13.3334621372,3719579,0.0,1.0
VTRS,2021-10-25 00:00:00+00:00,13.8,13.94,13.68,13.93,10332585,13.1336029617,13.266842412,13.0193977186,13.2573253085,10332585,0.0,1.0
VTRS,2021-10-26 00:00:00+00:00,13.48,13.89,13.465,13.84,7995515,12.8290556467,13.2192568941,12.8147799913,13.1716713761,7995515,0.0,1.0
VTRS,2021-10-27 00:00:00+00:00,13.1,13.48,13.085,13.47,13465337,12.46740571,12.8290556467,12.4531300546,12.8195385431,13465337,0.0,1.0
VTRS,2021-10-28 00:00:00+00:00,13.33,13.42,13.1,13.15,9916173,12.6862990927,12.7719530251,12.46740571,12.514991228,9916173,0.0,1.0
VTRS,2021-10-29 00:00:00+00:00,13.35,13.39,13.23,13.33,9017618,12.7053332999,12.7434017143,12.5911280568,12.6862990927,9017618,0.0,1.0
VTRS,2021-11-01 00:00:00+00:00,13.82,13.94,13.37,13.37,7384757,13.1526371689,13.266842412,12.7243675071,12.7243675071,7384757,0.0,1.0
VTRS,2021-11-02 00:00:00+00:00,13.83,13.94,13.62,13.8426,7490741,13.1621542725,13.266842412,12.962295097,13.174145823,7490741,0.0,1.0
VTRS,2021-11-03 00:00:00+00:00,13.9,13.96,13.72,13.8,6325816,13.2287739977,13.2858766192,13.0574661329,13.1336029617,6325816,0.0,1.0
VTRS,2021-11-04 00:00:00+00:00,13.68,13.879,13.51,13.827,6797778,13.0193977186,13.2087880801,12.8576069574,13.1592991414,6797778,0.0,1.0
VTRS,2021-11-05 00:00:00+00:00,13.73,13.99,13.48,13.75,13090834,13.0669832365,13.31442793,12.8290556467,13.0860174437,13090834,0.0,1.0
VTRS,2021-11-08 00:00:00+00:00,14.68,14.87,14.25,14.42,18855184,13.9711080781,14.1519330464,13.5618726235,13.7236633846,18855184,0.0,1.0
VTRS,2021-11-09 00:00:00+00:00,14.57,14.74,14.41,14.72,11004978,13.8664199386,14.0282106997,13.714146281,14.0091764925,11004978,0.0,1.0
VTRS,2021-11-10 00:00:00+00:00,14.54,14.75,14.38,14.46,10138966,13.8378686278,14.0377278033,13.6855949702,13.761731799,10138966,0.0,1.0
VTRS,2021-11-11 00:00:00+00:00,14.46,14.65,14.415,14.54,6687463,13.761731799,13.9425567673,13.7189048328,13.8378686278,6687463,0.0,1.0
VTRS,2021-11-12 00:00:00+00:00,14.11,14.51,14.07,14.45,9504506,13.4286331732,13.809317317,13.3905647588,13.7522146954,9504506,0.0,1.0
VTRS,2021-11-15 00:00:00+00:00,13.9,14.17,13.87,14.16,12551509,13.2287739977,13.4857357947,13.2002226869,13.4762186911,12551509,0.0,1.0
VTRS,2021-11-16 00:00:00+00:00,13.88,13.99,13.73,13.97,11341075,13.2097397905,13.31442793,13.0669832365,13.2953937228,11341075,0.0,1.0
VTRS,2021-11-17 00:00:00+00:00,13.65,13.965,13.64,13.89,11916795,12.9908464078,13.290635171,12.9813293042,13.2192568941,11916795,0.0,1.0
VTRS,2021-11-18 00:00:00+00:00,13.39,13.66,13.29,13.62,9803272,12.7434017143,13.0003635114,12.6482306783,12.962295097,9803272,0.0,1.0
VTRS,2021-11-19 00:00:00+00:00,13.08,13.37,13.08,13.33,10766111,12.4483715028,12.7243675071,12.4483715028,12.6862990927,10766111,0.0,1.0
VTRS,2021-11-22 00:00:00+00:00,13.12,13.28,12.9,13.03,17542096,12.5911280568,12.7446783989,12.3799963363,12.5047559893,17542096,0.11,1.0
VTRS,2021-11-23 00:00:00+00:00,13.16,13.29,13.09,13.19,7892193,12.6295156423,12.7542752953,12.5623373676,12.6583063315,7892193,0.0,1.0
VTRS,2021-11-24 00:00:00+00:00,13.05,13.135,12.95,13.095,11324131,12.5239497821,12.6055234013,12.4279808182,12.5671358158,11324131,0.0,1.0
VTRS,2021-11-26 00:00:00+00:00,12.75,12.89,12.57,12.85,11436003,12.2360428905,12.3703994399,12.0632987556,12.3320118544,11436003,0.0,1.0
VTRS,2021-11-29 00:00:00+00:00,12.52,12.9,12.47,12.87,14656457,12.0153142737,12.3799963363,11.9673297918,12.3512056472,14656457,0.0,1.0
VTRS,2021-11-30 00:00:00+00:00,12.31,12.59,12.23,12.47,20023625,11.8137794496,12.0824925484,11.7370042785,11.9673297918,20023625,0.0,1.0
VTRS,2021-12-01 00:00:00+00:00,12.09,12.53,12.07,12.42,10387626,11.6026477291,12.0249111701,11.5834539364,11.9193453098,10387626,0.0,1.0
VTRS,2021-12-02 00:00:00+00:00,12.2,12.36,11.96,12.12,11966963,11.7082135894,11.8617639315,11.4778880761,11.6314384183,11966963,0.0,1.0
VTRS,2021-12-03 00:00:00+00:00,12.2,12.29,12.08,12.23,8354357,11.7082135894,11.7945856568,11.5930508328,11.7370042785,8354357,0.0,1.0
VTRS,2021-12-06 00:00:00+00:00,12.44,12.61,12.259,12.3,12643265,11.9385391026,12.1016863411,11.764835278,11.8041825532,12643265,0.0,1.0
VTRS,2021-12-07 00:00:00+00:00,12.4,12.52,12.36,12.4,8304688,11.9001515171,12.0153142737,11.8617639315,11.9001515171,8304688,0.0,1.0
VTRS,2021-12-08 00:00:00+00:00,12.43,12.52,12.38,12.4681,7675307,11.9289422062,12.0153142737,11.8809577243,11.9655063814,7675307,0.0,1.0
VTRS,2021-12-09 00:00:00+00:00,12.59,12.77,12.4,12.41,12819531,12.0824925484,12.2552366833,11.9001515171,11.9097484135,12819531,0.0,1.0
VTRS,2021-12-10 00:00:00+00:00,12.7,12.92,12.57,12.62,8719934,12.1880584086,12.3991901291,12.0632987556,12.1112832375,8719934,0.0,1.0
VTRS,2021-12-13 00:00:00+00:00,12.55,12.73,12.4,12.6,9787249,12.0441049628,12.2168490978,11.9001515171,12.0920894448,9787249,0.0,1.0
VTRS,2021-12-14 00:00:00+00:00,12.81,13.15,12.55,12.55,10534546,12.2936242688,12.6199187459,12.0441049628,12.0441049628,10534546,0.0,1.0
VTRS,2021-12-15 00:00:00+00:00,12.69,12.82,12.585,12.765,8134993,12.1784615122,12.3032211652,12.0776941002,12.2504382351,8134993,0.0,1.0
VTRS,2021-12-16 00:00:00+00:00,13.02,13.195,12.82,12.8683,9422017,12.4951590929,12.6631047797,12.3032211652,12.3495741748,9422017,0.0,1.0
VTRS,2021-12-17 00:00:00+00:00,13.03,13.18,12.835,13.11,18101741,12.5047559893,12.6487094351,12.3176165098,12.5815311604,18101741,0.0,1.0
VTRS,2021-12-20 00:00:00+00:00,12.76,12.91,12.54,12.87,9329841,12.2456397869,12.3895932327,12.0345080665,12.3512056472,9329841,0.0,1.0
VTRS,2021-12-21 00:00:00+00:00,13.09,13.2,12.88,12.965,14220566,12.5623373676,12.6679032278,12.3608025435,12.4423761628,14220566,0.0,1.0
VTRS,2021-12-22 00:00:00+00:00,13.25,13.325,13.005,13.04,9021301,12.7158877098,12.7878644327,12.4807637483,12.5143528857,9021301,0.0,1.0
VTRS,2021-12-23 00:00:00+00:00,13.63,13.71,13.26,13.31,10509160,13.0805697724,13.1573449435,12.7254846062,12.7734690881,10509160,0.0,1.0
VTRS,2021-12-27 00:00:00+00:00,13.67,13.795,13.56,13.62,11436631,13.1189573579,13.2389185627,13.0133914977,13.070972876,11436631,0.0,1.0
VTRS,2021-12-28 00:00:00+00:00,13.64,13.71,13.55,13.6,8874565,13.0901666688,13.1573449435,13.0037946013,13.0517790832,8874565,0.0,1.0
VTRS,2021-12-29 00:00:00+00:00,13.56,13.66,13.5,13.5617,9130830,13.0133914977,13.1093604615,12.9558101194,13.0150229701,9130830,0.0,1.0
VTRS,2021-12-30 00:00:00+00:00,13.55,13.75,13.51,13.51,8741792,13.0037946013,13.195732529,12.9654070158,12.9654070158,8741792,0.0,1.0
VTRS,2021-12-31 00:00:00+00:00,13.53,13.71,13.52,13.6,5362326,12.9846008085,13.1573449435,12.9750039122,13.0517790832,5362326,0.0,1.0
VTRS,2022-01-03 00:00:00+00:00,14.21,14.3,13.52,13.6,11968967,13.6371897627,13.7235618302,12.9750039122,13.0517790832,11968967,0.0,1.0
VTRS,2022-01-04 00:00:00+00:00,14.37,14.455,14.225,14.28,12555359,13.7907401049,13.8723137241,13.6515851073,13.7043680374,12555359,0.0,1.0
VTRS,2022-01-05 00:00:00+00:00,14.44,14.73,14.41,14.46,11165456,13.8579183796,14.1362283747,13.8291276904,13.8771121723,11165456,0.0,1.0
VTRS,2022-01-06 00:00:00+00:00,14.5,14.62,14.29,14.5577,10487508,13.9154997579,14.0306625145,13.7139649338,13.97087385,10487508,0.0,1.0
VTRS,2022-01-07 00:00:00+00:00,14.74,14.75,14.5,14.54,9544622,14.1458252711,14.1554221675,13.9154997579,13.9538873434,9544622,0.0,1.0
VTRS,2022-01-10 00:00:00+00:00,15.01,15.01,14.58,14.77,13554165,14.4049414735,14.4049414735,13.9922749289,14.1746159603,13554165,0.0,1.0
VTRS,2022-01-11 00:00:00+00:00,15.32,15.34,14.915,14.99,10024699,14.7024452614,14.7216390542,14.3137709578,14.3857476807,10024699,0.0,1.0
VTRS,2022-01-12 00:00:00+00:00,15.17,15.32,15.13,15.31,7871289,14.5584918156,14.7024452614,14.5201042301,14.692848365,7871289,0.0,1.0
VTRS,2022-01-13 00:00:00+00:00,15.02,15.2,14.995,15.2,7536190,14.4145383699,14.5872825048,14.3905461289,14.5872825048,7536190,0.0,1.0
VTRS,2022-01-14 00:00:00+00:00,15.22,15.255,14.86,14.902,5773965,14.6064762976,14.6400654349,14.2609880277,14.3012949925,5773965,0.0,1.0
VTRS,2022-01-18 00:00:00+00:00,15.06,15.3,15.02,15.16,7633767,14.4529259554,14.6832514686,14.4145383699,14.5488949193,7633767,0.0,1.0
VTRS,2022-01-19 00:00:00+00:00,14.72,15.13,14.7,15.05,7254704,14.1266314783,14.5201042301,14.1074376856,14.443329059,7254704,0.0,1.0
VTRS,2022-01-20 00:00:00+00:00,14.64,14.88,14.57,14.645,8441738,14.0498563072,14.2801818205,13.9826780326,14.0546547554,8441738,0.0,1.0
VTRS,2022-01-21 00:00:00+00:00,14.53,14.77,14.505,14.55,11208650,13.944290447,14.1746159603,13.9202982061,13.9634842398,11208650,0.0,1.0
VTRS,2022-01-24 00:00:00+00:00,14.36,14.48,13.96,14.44,10778032,13.7811432085,13.8963059651,13.3972673531,13.8579183796,10778032,0.0,1.0
VTRS,2022-01-25 00:00:00+00:00,14.68,14.81,14.175,14.32,10865359,14.0882438928,14.2130035458,13.6036006254,13.7427556229,10865359,0.0,1.0
VTRS,2022-01-26 00:00:00+00:00,14.62,14.86,14.5,14.6591,7295048,14.0306625145,14.2609880277,13.9154997579,14.0681863793,7295048,0.0,1.0
VTRS,2022-01-27 00:00:00+00:00,14.59,14.88,14.52,14.7,7421986,14.0018718253,14.2801818205,13.9346935506,14.1074376856,7421986,0.0,1.0
VTRS,2022-01-28 00:00:00+00:00,14.63,14.63,14.32,14.55,7927009,14.0402594109,14.0402594109,13.7427556229,13.9634842398,7927009,0.0,1.0
VTRS,2022-01-31 00:00:00+00:00,14.97,15.07,14.48,14.5,15357036,14.3665538879,14.4625228518,13.8963059651,13.9154997579,15357036,0.0,1.0
VTRS,2022-02-01 00:00:00+00:00,15.07,15.14,14.83,14.97,9073334,14.4625228518,14.5297011265,14.2321973386,14.3665538879,9073334,0.0,1.0
VTRS,2022-02-02 00:00:00+00:00,15.3,15.33,14.73,14.99,10391526,14.6832514686,14.7120421578,14.1362283747,14.3857476807,10391526,0.0,1.0
VTRS,2022-02-03 00:00:00+00:00,15.13,15.305,15.06,15.2,7714257,14.5201042301,14.6880499168,14.4529259554,14.5872825048,7714257,0.0,1.0
VTRS,2022-02-04 00:00:00+00:00,15.13,15.24,14.94,15.05,7474167,14.5201042301,14.6256700903,14.3377631988,14.443329059,7474167,0.0,1.0
VTRS,2022-02-07 00:00:00+00:00,15.26,15.4,15.15,15.256,6349589,14.6448638831,14.7792204325,14.5392980229,14.6410251245,6349589,0.0,1.0
VTRS,2022-02-08 00:00:00+00:00,15.22,15.3167,15.0,15.25,7285351,14.6064762976,14.6992782856,14.3953445771,14.6352669867,7285351,0.0,1.0
VTRS,2022-02-09 00:00:00+00:00,15.4,15.6,15.265,15.27,6509220,14.7792204325,14.9711583602,14.6496623313,14.6544607795,6509220,0.0,1.0
VTRS,2022-02-10 00:00:00+00:00,15.37,15.58,15.32,15.34,8700675,14.7504297433,14.9519645674,14.7024452614,14.7216390542,8700675,0.0,1.0
VTRS,2022-02-11 00:00:00+00:00,15.17,15.455,15.12,15.22,10322160,14.5584918156,14.8320033626,14.5105073337,14.6064762976,10322160,0.0,1.0
VTRS,2022-02-14 00:00:00+00:00,15.03,15.235,14.881,15.2,6512297,14.4241352663,14.6208716421,14.2811415101,14.5872825048,6512297,0.0,1.0
VTRS,2022-02-15 00:00:00+00:00,15.32,15.34,14.97,15.03,7562480,14.7024452614,14.7216390542,14.3665538879,14.4241352663,7562480,0.0,1.0
VTRS,2022-02-16 00:00:00+00:00,15.25,15.51,15.215,15.31,7994109,14.6352669867,14.8847862927,14.6016778494,14.692848365,7994109,0.0,1.0
VTRS,2022-02-17 00:00:00+00:00,14.83,15.2,14.79,15.19,7788028,14.2321973386,14.5872825048,14.193809753,14.5776856084,7788028,0.0,1.0
VTRS,2022-02-18 00:00:00+00:00,14.71,14.9,14.6,14.732,9801132,14.1170345819,14.2993756133,14.0114687217,14.138147754,9801132,0.0,1.0
VTRS,2022-02-22 00:00:00+00:00,14.55,14.735,14.465,14.56,8355906,13.9634842398,14.1410268229,13.8819106205,13.9730811362,8355906,0.0,1.0
VTRS,2022-02-23 00:00:00+00:00,14.32,14.6,14.28,14.55,10564057,13.8579183796,14.1288832641,13.8192091103,14.0804966776,10564057,0.12,1.0
VTRS,2022-02-24 00:00:00+00:00,13.93,13.98,13.6704,13.855,14796170,13.4805030047,13.5288895912,13.2292798475,13.4079231249,14796170,0.0,1.0
VTRS,2022-02-25 00:00:00+00:00,14.54,14.64,14.005,14.03,15832378,14.0708193602,14.1675925333,13.5530828845,13.5772761777,15832378,0.0,1.0
VTRS,2022-02-28 00:00:00+00:00,11.01,13.74,10.88,13.715,62957122,10.6547263519,13.2966339759,10.5289212269,13.2724406827,62957122,0.0,1.0
VTRS,2022-03-01 00:00:00+00:00,10.15,11.18,9.68,11.16,62880439,9.8224770637,10.819240746,9.3676431504,10.7998861114,62880439,0.0,1.0
VTRS,2022-03-02 00:00:00+00:00,10.48,10.54,10.12,10.14,23815665,10.1418285348,10.1998924386,9.7934451118,9.8127997464,23815665,0.0,1.0
VTRS,2022-03-03 00:00:00+00:00,10.41,10.455,9.91,10.41,22865170,10.0740873136,10.1176352415,9.5902214484,10.0740873136,22865170,0.0,1.0
VTRS,2022-03-04 00:00:00+00:00,10.2,10.29,9.915,10.125,24556863,9.8708636502,9.957959506,9.5950601071,9.7982837705,24556863,0.0,1.0
VTRS,2022-03-07 00:00:00+00:00,9.88,10.12,9.84,10.0,18322322,9.5611894965,9.7934451118,9.5224802273,9.6773173042,18322322,0.0,1.0
VTRS,2022-03-08 00:00:00+00:00,9.95,10.115,9.82,9.88,22455455,9.6289307176,9.7886064532,9.5031255927,9.5611894965,22455455,0.0,1.0
VTRS,2022-03-09 00:00:00+00:00,10.28,10.47,10.09,10.12,19859204,9.9482821887,10.1321512175,9.7644131599,9.7934451118,19859204,0.0,1.0
VTRS,2022-03-10 00:00:00+00:00,10.12,10.27,9.9,10.06,12209851,9.7934451118,9.9386048714,9.5805441311,9.735381208,12209851,0.0,1.0
VTRS,2022-03-11 00:00:00+00:00,10.02,10.34,10.01,10.15,12790085,9.6966719388,10.0063460925,9.6869946215,9.8224770637,12790085,0.0,1.0
VTRS,2022-03-14 00:00:00+00:00,9.81,10.27,9.66,10.16,12181024,9.4934482754,9.9386048714,9.3482885158,9.832154381,12181024,0.0,1.0
VTRS,2022-03-15 00:00:00+00:00,9.96,9.995,9.765,9.8,13785194,9.6386080349,9.6724786455,9.4499003475,9.4837709581,13785194,0.0,1.0
VTRS,2022-03-16 00:00:00+00:00,10.39,10.495,10.1,10.105,13115886,10.054732679,10.1563445107,9.7740904772,9.7789291359,13115886,0.0,1.0
VTRS,2022-03-17 00:00:00+00:00,10.64,10.74,10.152,10.26,10923676,10.2966656116,10.3934387847,9.8244125272,9.9289275541,10923676,0.0,1.0
VTRS,2022-03-18 00:00:00+00:00,10.66,10.69,10.5,10.51,28465917,10.3160202462,10.3450521981,10.1611831694,10.1708604867,28465917,0.0,1.0
VTRS,2022-03-21 00:00:00+00:00,10.77,10.9,10.58,10.58,10684357,10.4224707366,10.5482758615,10.2386017078,10.2386017078,10684357,0.0,1.0
VTRS,2022-03-22 00:00:00+00:00,10.85,10.97,10.755,10.81,16670683,10.499889275,10.6160170827,10.4079547606,10.4611800058,16670683,0.0,1.0
VTRS,2022-03-23 00:00:00+00:00,10.88,11.08,10.71,10.74,13595653,10.5289212269,10.722467573,10.3644068328,10.3934387847,13595653,0.0,1.0
VTRS,2022-03-24 00:00:00+00:00,10.95,11.005,10.765,10.93,10573720,10.5966624481,10.6498876932,10.4176320779,10.5773078134,10573720,0.0,1.0
VTRS,2022-03-25 00:00:00+00:00,11.19,11.21,10.9,10.97,15705350,10.8289180634,10.848272698,10.5482758615,10.6160170827,15705350,0.0,1.0
VTRS,2022-03-28 00:00:00+00:00,10.9,11.18,10.77,11.15,14836743,10.5482758615,10.819240746,10.4224707366,10.7902087941,14836743,0.0,1.0
VTRS,2022-03-29 00:00:00+00:00,11.18,11.22,10.93,10.93,9505774,10.819240746,10.8579500153,10.5773078134,10.5773078134,9505774,0.0,1.0
VTRS,2022-03-30 00:00:00+00:00,10.99,11.3,10.96,11.11,9237077,10.6353717173,10.9353685537,10.6063397654,10.7514995249,9237077,0.0,1.0
VTRS,2022-03-31 00:00:00+00:00,10.88,11.1,10.87,11.0,12868197,10.5289212269,10.7418222076,10.5192439096,10.6450490346,12868197,0.0,1.0
VTRS,2022-04-01 00:00:00+00:00,10.82,10.96,10.65,10.96,9680073,10.4708573231,10.6063397654,10.3063429289,10.6063397654,9680073,0.0,1.0
VTRS,2022-04-04 00:00:00+00:00,10.85,11.02,10.76,10.815,11974102,10.499889275,10.6644036692,10.4127934193,10.4660186644,11974102,0.0,1.0
VTRS,2022-04-05 00:00:00+00:00,10.67,11.03,10.655,10.78,10404487,10.3256975635,10.6740809865,10.3111815876,10.4321480539,10404487,0.0,1.0
VTRS,2022-04-06 00:00:00+00:00,10.69,10.705,10.475,10.58,9288648,10.3450521981,10.3595681741,10.1369898761,10.2386017078,9288648,0.0,1.0
VTRS,2022-04-07 00:00:00+00:00,10.81,10.85,10.52,10.66,13285987,10.4611800058,10.499889275,10.180537804,10.3160202462,13285987,0.0,1.0
VTRS,2022-04-08 00:00:00+00:00,11.04,11.1,10.62,10.8,14248594,10.6837583038,10.7418222076,10.277310977,10.4515026885,14248594,0.0,1.0
VTRS,2022-04-11 00:00:00+00:00,10.7,11.02,10.64,11.0,17818741,10.3547295154,10.6644036692,10.2966656116,10.6450490346,17818741,0.0,1.0
VTRS,2022-04-12 00:00:00+00:00,10.67,10.8,10.625,10.72,7330089,10.3256975635,10.4515026885,10.2821496357,10.3740841501,7330089,0.0,1.0
VTRS,2022-04-13 00:00:00+00:00,10.99,11.03,10.67,10.71,11022973,10.6353717173,10.6740809865,10.3256975635,10.3644068328,11022973,0.0,1.0
VTRS,2022-04-14 00:00:00+00:00,10.96,11.115,10.94,10.99,9283478,10.6063397654,10.7563381836,10.5869851307,10.6353717173,9283478,0.0,1.0
VTRS,2022-04-18 00:00:00+00:00,10.71,10.98,10.64,10.94,8772542,10.3644068328,10.6256944,10.2966656116,10.5869851307,8772542,0.0,1.0
VTRS,2022-04-19 00:00:00+00:00,10.92,11.0,10.665,10.72,8583138,10.5676304961,10.6450490346,10.3208589049,10.3740841501,8583138,0.0,1.0
VTRS,2022-04-20 00:00:00+00:00,10.84,11.02,10.735,10.88,7801084,10.4902119577,10.6644036692,10.388600126,10.5289212269,7801084,0.0,1.0
VTRS,2022-04-21 00:00:00+00:00,10.65,10.99,10.62,10.88,8632547,10.3063429289,10.6353717173,10.277310977,10.5289212269,8632547,0.0,1.0
VTRS,2022-04-22 00:00:00+00:00,10.28,10.68,10.27,10.68,9837363,9.9482821887,10.3353748808,9.9386048714,10.3353748808,9837363,0.0,1.0
VTRS,2022-04-25 00:00:00+00:00,10.39,10.445,10.02,10.23,12714980,10.054732679,10.1079579242,9.6966719388,9.8998956022,12714980,0.0,1.0
VTRS,2022-04-26 00:00:00+00:00,10.29,10.495,10.25,10.32,14306614,9.957959506,10.1563445107,9.9192502368,9.9869914579,14306614,0.0,1.0
VTRS,2022-04-27 00:00:00+00:00,10.36,10.488,10.175,10.32,9515173,10.0257007271,10.1495703886,9.846670357,9.9869914579,9515173,0.0,1.0
VTRS,2022-04-28 00:00:00+00:00,10.49,10.54,10.26,10.38,12178641,10.1515058521,10.1998924386,9.9289275541,10.0450553617,12178641,0.0,1.0
VTRS,2022-04-29 00:00:00+00:00,10.33,10.61,10.27,10.45,13224522,9.9966687752,10.2676336597,9.9386048714,10.1127965828,13224522,0.0,1.0
VTRS,2022-05-02 00:00:00+00:00,10.21,10.45,10.03,10.35,13070841,9.8805409675,10.1127965828,9.7063492561,10.0160234098,13070841,0.0,1.0
VTRS,2022-05-03 00:00:00+00:00,10.4,10.455,10.115,10.24,12806818,10.0644099963,10.1176352415,9.7886064532,9.9095729195,12806818,0.0,1.0
VTRS,2022-05-04 00:00:00+00:00,10.52,10.53,10.07,10.39,16585243,10.180537804,10.1902151213,9.7450585253,10.054732679,16585243,0.0,1.0
VTRS,2022-05-05 00:00:00+00:00,10.05,10.5,9.88,10.45,17092850,9.7257038907,10.1611831694,9.5611894965,10.1127965828,17092850,0.0,1.0
VTRS,2022-05-06 00:00:00+00:00,9.95,10.05,9.76,10.04,20263081,9.6289307176,9.7257038907,9.4450616889,9.7160265734,20263081,0.0,1.0
VTRS,2022-05-09 00:00:00+00:00,10.48,10.94,10.13,10.13,25016754,10.1418285348,10.5869851307,9.8031224291,9.8031224291,25016754,0.0,1.0
VTRS,2022-05-10 00:00:00+00:00,10.46,10.55,10.14,10.38,19772688,10.1224739001,10.2095697559,9.8127997464,10.0450553617,19772688,0.0,1.0
VTRS,2022-05-11 00:00:00+00:00,10.39,10.74,10.37,10.43,17018581,10.054732679,10.3934387847,10.0353780444,10.0934419482,17018581,0.0,1.0
VTRS,2022-05-12 00:00:00+00:00,10.85,10.88,10.38,10.405,21655489,10.499889275,10.5289212269,10.0450553617,10.069248655,21655489,0.0,1.0
VTRS,2022-05-13 00:00:00+00:00,11.08,11.15,10.79,10.83,10972552,10.722467573,10.7902087941,10.4418253712,10.4805346404,10972552,0.0,1.0
VTRS,2022-05-16 00:00:00+00:00,11.14,11.24,10.98,11.05,8598201,10.7805314768,10.8773046499,10.6256944,10.6934356211,8598201,0.0,1.0
VTRS,2022-05-17 00:00:00+00:00,11.47,11.53,11.16,11.16,9901125,11.0998829479,11.1579468517,10.7998861114,10.7998861114,9901125,0.0,1.0
VTRS,2022-05-18 00:00:00+00:00,11.27,11.57,11.1915,11.45,10916528,10.9063366018,11.1966561209,10.8303696609,11.0805283133,10916528,0.0,1.0
VTRS,2022-05-19 00:00:00+00:00,11.69,11.815,11.06,11.13,12090267,11.3127839286,11.4337503949,10.7031129384,10.7708541595,12090267,0.0,1.0
VTRS,2022-05-20 00:00:00+00:00,11.8,11.92,11.61,11.77,13834144,11.4192344189,11.5353622266,11.2353653901,11.390202467,13834144,0.0,1.0
VTRS,2022-05-23 00:00:00+00:00,11.63,11.93,11.5096,11.74,9530549,11.3708478324,11.6641629097,11.2531307147,11.4783966941,9530549,0.12,1.0
VTRS,2022-05-24 00:00:00+00:00,11.53,11.705,11.26,11.705,10714238,11.2730761399,11.4441766017,11.0090925703,11.4441766017,10714238,0.0,1.0
VTRS,2022-05-25 00:00:00+00:00,11.84,11.86,11.42,11.5,9479878,11.5761683865,11.595722725,11.1655272782,11.2437446322,9479878,0.0,1.0
VTRS,2022-05-26 00:00:00+00:00,12.01,12.08,11.84,11.84,8866050,11.7423802637,11.8108204484,11.5761683865,11.5761683865,8866050,0.0,1.0
VTRS,2022-05-27 00:00:00+00:00,12.25,12.25,11.97,11.98,12015700,11.9770323256,11.9770323256,11.7032715867,11.713048756,12015700,0.0,1.0
VTRS,2022-05-31 00:00:00+00:00,12.27,12.35,11.94,12.19,19551712,11.9965866641,12.0748040181,11.673940079,11.9183693101,19551712,0.0,1.0
VTRS,2022-06-01 00:00:00+00:00,12.07,12.375,11.89,12.33,8690429,11.8010432792,12.0992469412,11.6250542328,12.0552496796,8690429,0.0,1.0
VTRS,2022-06-02 00:00:00+00:00,12.11,12.13,11.77,12.09,7111338,11.8401519562,11.8597062947,11.5077282018,11.8205976177,7111338,0.0,1.0
VTRS,2022-06-03 00:00:00+00:00,11.71,12.1081,11.68,12.05,8072145,11.4490651863,11.838294294,11.4197336786,11.7814889407,8072145,0.0,1.0
VTRS,2022-06-06 00:00:00+00:00,11.77,11.9,11.7,11.76,7119699,11.5077282018,11.634831402,11.4392880171,11.4979510326,7119699,0.0,1.0
VTRS,2022-06-07 00:00:00+00:00,11.89,11.9,11.6815,11.78,7785745,11.6250542328,11.634831402,11.421200254,11.5175053711,7785745,0.0,1.0
VTRS,2022-06-08 00:00:00+00:00,11.86,11.9299,11.759,11.8,6919390,11.595722725,11.6640651381,11.4969733157,11.5370597096,6919390,0.0,1.0
VTRS,2022-06-09 00:00:00+00:00,11.62,11.88,11.61,11.86,6637206,11.3610706631,11.6152770635,11.3512934939,11.595722725,6637206,0.0,1.0
VTRS,2022-06-10 00:00:00+00:00,11.2,11.46,11.14,11.425,8021315,10.9504295548,11.2046359552,10.8917665394,11.1704158629,8021315,0.0,1.0
VTRS,2022-06-13 00:00:00+00:00,10.77,11.07,10.6637,10.952,13855807,10.5300112773,10.8233263546,10.4260799682,10.7079557575,13855807,0.0,1.0
VTRS,2022-06-14 00:00:00+00:00,10.32,10.79,10.21,10.73,15409250,10.0900386612,10.5495656158,9.9824897995,10.4909026003,15409250,0.0,1.0
VTRS,2022-06-15 00:00:00+00:00,10.7,10.855,10.4,10.4,12150049,10.4615710926,10.6131172159,10.1682560152,10.1682560152,12150049,0.0,1.0
VTRS,2022-06-16 00:00:00+00:00,10.28,10.52,10.205,10.5,9519912,10.0509299843,10.2855820461,9.9776012149,10.2660277077,9519912,0.0,1.0
VTRS,2022-06-17 00:00:00+00:00,10.46,10.531,10.205,10.3,16942039,10.2269190307,10.2963369323,9.9776012149,10.0704843227,16942039,0.0,1.0
VTRS,2022-06-21 00:00:00+00:00,10.6,10.73,10.5,10.59,11736261,10.3637994001,10.4909026003,10.2660277077,10.3540222309,11736261,0.0,1.0
VTRS,2022-06-22 00:00:00+00:00,10.63,10.78,10.44,10.51,7762780,10.3931309078,10.5397884465,10.2073646922,10.2758048769,7762780,0.0,1.0
VTRS,2022-06-23 00:00:00+00:00,10.73,10.745,10.53,10.64,7488168,10.4909026003,10.5055683542,10.2953592154,10.4029080771,7488168,0.0,1.0
VTRS,2022-06-24 00:00:00+00:00,10.96,11.03,10.755,10.79,11834003,10.7157774929,10.7842176777,10.5153455234,10.5495656158,11834003,0.0,1.0
VTRS,2022-06-27 00:00:00+00:00,11.07,11.15,10.89,10.94,8283455,10.8233263546,10.9015437086,10.6473373082,10.6962231545,8283455,0.0,1.0
VTRS,2022-06-28 00:00:00+00:00,10.9,11.27,10.9,11.08,7025108,10.6571144775,11.0188697396,10.6571144775,10.8331035239,7025108,0.0,1.0
VTRS,2022-06-29 00:00:00+00:00,10.81,10.95,10.7,10.94,6399681,10.5691199543,10.7060003237,10.4615710926,10.6962231545,6399681,0.0,1.0
VTRS,2022-06-30 00:00:00+00:00,10.47,10.6554,10.4,10.65,9991600,10.2366961999,10.4179649177,10.1682560152,10.4126852463,9991600,0.0,1.0
VTRS,2022-07-01 00:00:00+00:00,10.71,10.74,10.28,10.45,6541915,10.4713482618,10.5006797695,10.0509299843,10.2171418614,6541915,0.0,1.0
VTRS,2022-07-05 00:00:00+00:00,10.5,10.54,10.25,10.5,6803209,10.2660277077,10.3051363846,10.0215984765,10.2660277077,6803209,0.0,1.0
VTRS,2022-07-06 00:00:00+00:00,10.3,10.54,10.14,10.48,7775115,10.0704843227,10.3051363846,9.9140496148,10.2464733692,7775115,0.0,1.0
VTRS,2022-07-07 00:00:00+00:00,10.42,10.51,10.29,10.29,5939102,10.1878103537,10.2758048769,10.0607071535,10.0607071535,5939102,0.0,1.0
VTRS,2022-07-08 00:00:00+00:00,10.35,10.59,10.28,10.45,6106571,10.119370169,10.3540222309,10.0509299843,10.2171418614,6106571,0.0,1.0
VTRS,2022-07-11 00:00:00+00:00,10.05,10.235,10.03,10.22,10207280,9.8260550916,10.0069327227,9.8065007531,9.9922669688,10207280,0.0,1.0
VTRS,2022-07-12 00:00:00+00:00,10.22,10.33,9.96,10.01,9396015,9.9922669688,10.0998158305,9.7380605684,9.7869464146,9396015,0.0,1.0
VTRS,2022-07-13 00:00:00+00:00,9.98,10.19,9.9,10.14,8601085,9.7576149069,9.9629354611,9.6793975529,9.9140496148,8601085,0.0,1.0
VTRS,2022-07-14 00:00:00+00:00,9.85,9.88,9.675,9.82,9753706,9.6305117067,9.6598432144,9.4594112449,9.601180199,9753706,0.0,1.0
VTRS,2022-07-15 00:00:00+00:00,9.85,10.02,9.6725,9.99,9740599,9.6305117067,9.7967235839,9.4569669526,9.7673920761,9740599,0.0,1.0
VTRS,2022-07-18 00:00:00+00:00,9.83,10.21,9.81,9.98,11776332,9.6109573682,9.9824897995,9.5914030297,9.7576149069,11776332,0.0,1.0
VTRS,2022-07-19 00:00:00+00:00,10.07,10.18,9.9,9.9,14005721,9.8456094301,9.9531582918,9.6793975529,9.6793975529,14005721,0.0,1.0
VTRS,2022-07-20 00:00:00+00:00,9.97,10.23,9.91,10.06,11771884,9.7478377377,10.002044138,9.6891747222,9.8358322609,11771884,0.0,1.0
VTRS,2022-07-21 00:00:00+00:00,9.88,9.99,9.79,9.97,8530669,9.6598432144,9.7673920761,9.5718486912,9.7478377377,8530669,0.0,1.0
VTRS,2022-07-22 00:00:00+00:00,9.55,10.015,9.445,9.96,15392495,9.3371966293,9.7918349993,9.2345363523,9.7380605684,15392495,0.0,1.0
VTRS,2022-07-25 00:00:00+00:00,9.74,9.84,9.445,9.6,37913775,9.522962845,9.6207345375,9.2345363523,9.3860824756,37913775,0.0,1.0
VTRS,2022-07-26 00:00:00+00:00,9.92,9.97,9.68,9.692,13922485,9.6989518914,9.7478377377,9.4642998295,9.4760324326,13922485,0.0,1.0
VTRS,2022-07-27 00:00:00+00:00,10.07,10.125,9.8,9.93,14351119,9.8456094301,9.899383861,9.5816258605,9.7087290607,14351119,0.0,1.0
VTRS,2022-07-28 00:00:00+00:00,9.78,10.07,9.64,10.0,14335691,9.562071522,9.8456094301,9.4251911526,9.7771692454,14335691,0.0,1.0
VTRS,2022-07-29 00:00:00+00:00,9.69,9.835,9.6,9.78,12985805,9.4740769988,9.6158459528,9.3860824756,9.562071522,12985805,0.0,1.0
VTRS,2022-08-01 00:00:00+00:00,9.66,9.78,9.57,9.68,9739032,9.444745491,9.562071522,9.3567509678,9.4642998295,9739032,0.0,1.0
VTRS,2022-08-02 00:00:00+00:00,9.71,9.8,9.625,9.66,9753200,9.4936313373,9.5816258605,9.4105253987,9.444745491,9753200,0.0,1.0
VTRS,2022-08-03 00:00:00+00:00,9.75,9.77,9.66,9.73,8913342,9.5327400143,9.5522943527,9.444745491,9.5131856758,8913342,0.0,1.0
VTRS,2022-08-04 00:00:00+00:00,9.62,9.825,9.61,9.732,9883465,9.4056368141,9.6060687836,9.3958596448,9.5151411096,9883465,0.0,1.0
VTRS,2022-08-05 00:00:00+00:00,9.73,9.76,9.46,9.57,16007647,9.5131856758,9.5425171835,9.2492021061,9.3567509678,16007647,0.0,1.0
VTRS,2022-08-08 00:00:00+00:00,10.09,10.62,10.02,10.18,42500198,9.8651637686,10.3833537386,9.7967235839,9.9531582918,42500198,0.0,1.0
VTRS,2022-08-09 00:00:00+00:00,10.46,10.5,9.87,10.0301,14504366,10.2269190307,10.2660277077,9.6500660452,9.8065985248,14504366,0.0,1.0
VTRS,2022-08-10 00:00:00+00:00,10.77,10.955,10.48,10.52,13906029,10.5300112773,10.7108889083,10.2464733692,10.2855820461,13906029,0.0,1.0
VTRS,2022-08-11 00:00:00+00:00,10.96,11.105,10.71,10.712,11671790,10.7157774929,10.857546447,10.4713482618,10.4733036957,11671790,0.0,1.0
VTRS,2022-08-12 00:00:00+00:00,11.13,11.15,10.96,11.03,9314799,10.8819893701,10.9015437086,10.7157774929,10.7842176777,9314799,0.0,1.0
VTRS,2022-08-15 00:00:00+00:00,11.11,11.22,10.945,11.0,9650325,10.8624350316,10.9699838933,10.7011117391,10.7548861699,9650325,0.0,1.0
VTRS,2022-08-16 00:00:00+00:00,11.04,11.155,10.965,11.14,6588864,10.7939948469,10.9064322932,10.7206660776,10.8917665394,6588864,0.0,1.0
VTRS,2022-08-17 00:00:00+00:00,10.75,10.99,10.54,10.99,19975544,10.5104569388,10.7451090007,10.3051363846,10.7451090007,19975544,0.0,1.0
VTRS,2022-08-18 00:00:00+00:00,10.59,10.75,10.5,10.75,5060301,10.3540222309,10.5104569388,10.2660277077,10.5104569388,5060301,0.0,1.0
VTRS,2022-08-19 00:00:00+00:00,10.57,10.64,10.5,10.52,5708303,10.3344678924,10.4029080771,10.2660277077,10.2855820461,5708303,0.0,1.0
VTRS,2022-08-22 00:00:00+00:00,10.35,10.51,10.31,10.5,5915890,10.119370169,10.2758048769,10.080261492,10.2660277077,5915890,0.0,1.0
VTRS,2022-08-23 00:00:00+00:00,10.15,10.33,10.11,10.21,8615212,10.041152815,10.2192225201,10.0015817694,10.1005093834,8615212,0.12,1.0
VTRS,2022-08-24 00:00:00+00:00,10.16,10.23,9.985,10.15,5065486,10.0510455764,10.1202949062,9.877922252,10.041152815,5065486,0.0,1.0
VTRS,2022-08-25 00:00:00+00:00,10.17,10.21,10.06,10.16,6594800,10.0609383378,10.1005093834,9.9521179625,10.0510455764,6594800,0.0,1.0
VTRS,2022-08-26 00:00:00+00:00,9.88,10.23,9.86,10.22,6601806,9.7740482574,10.1202949062,9.7542627346,10.1104021448,6601806,0.0,1.0
VTRS,2022-08-29 00:00:00+00:00,9.87,9.895,9.65,9.8,16592467,9.764155496,9.7888873995,9.5465147453,9.6949061662,16592467,0.0,1.0
VTRS,2022-08-30 00:00:00+00:00,9.7,9.93,9.6637,9.87,8539404,9.5959785523,9.8235120643,9.5600678284,9.764155496,8539404,0.0,1.0
VTRS,2022-08-31 00:00:00+00:00,9.55,9.83,9.53,9.71,18112126,9.4475871314,9.7245844504,9.4278016086,9.6058713137,18112126,0.0,1.0
VTRS,2022-09-01 00:00:00+00:00,9.57,9.6,9.32,9.54,10137401,9.4673726542,9.4970509383,9.2200536193,9.43769437,10137401,0.0,1.0
VTRS,2022-09-02 00:00:00+00:00,9.45,9.69,9.42,9.69,10155802,9.3486595174,9.5860857909,9.3189812332,9.5860857909,10155802,0.0,1.0
VTRS,2022-09-06 00:00:00+00:00,9.41,9.49,9.32,9.49,10132974,9.3090884718,9.388230563,9.2200536193,9.388230563,10132974,0.0,1.0
VTRS,2022-09-07 00:00:00+00:00,9.72,9.8,9.35,9.35,15230645,9.6157640751,9.6949061662,9.2497319035,9.2497319035,15230645,0.0,1.0
VTRS,2022-09-08 00:00:00+00:00,9.68,9.745,9.56,9.665,10656885,9.5761930295,9.6404959786,9.4574798928,9.5613538874,10656885,0.0,1.0
VTRS,2022-09-09 00:00:00+00:00,9.88,9.93,9.72,9.76,6717730,9.7740482574,9.8235120643,9.6157640751,9.6553351206,6717730,0.0,1.0
VTRS,2022-09-12 00:00:00+00:00,10.11,10.2,9.94,9.94,7800440,10.0015817694,10.090616622,9.8334048257,9.8334048257,7800440,0.0,1.0
VTRS,2022-09-13 00:00:00+00:00,9.49,9.92,9.485,9.9,8877986,9.388230563,9.8136193029,9.3832841823,9.7938337802,8877986,0.0,1.0
VTRS,2022-09-14 00:00:00+00:00,9.43,9.62,9.35,9.52,8932673,9.3288739946,9.5168364611,9.2497319035,9.4179088472,8932673,0.0,1.0
VTRS,2022-09-15 00:00:00+00:00,9.55,9.71,9.42,9.42,9464513,9.4475871314,9.6058713137,9.3189812332,9.3189812332,9464513,0.0,1.0
VTRS,2022-09-16 00:00:00+00:00,9.3,9.55,9.22,9.55,19553781,9.2002680965,9.4475871314,9.1211260054,9.4475871314,19553781,0.0,1.0
VTRS,2022-09-19 00:00:00+00:00,9.29,9.335,9.175,9.22,8425309,9.1903753351,9.2348927614,9.0766085791,9.1211260054,8425309,0.0,1.0
VTRS,2022-09-20 00:00:00+00:00,9.04,9.2301,9.03,9.2301,8211114,8.9430563003,9.1311176944,8.9331635389,9.1311176944,8211114,0.0,1.0
VTRS,2022-09-21 00:00:00+00:00,9.04,9.455,9.03,9.19,11299685,8.9430563003,9.3536058981,8.9331635389,9.0914477212,11299685,0.0,1.0
VTRS,2022-09-22 00:00:00+00:00,8.94,9.055,8.815,9.01,8932492,8.8441286863,8.9578954424,8.7204691689,8.9133780161,8932492,0.0,1.0
VTRS,2022-09-23 00:00:00+00:00,8.69,8.87,8.43,8.86,12430240,8.5968096515,8.7748793566,8.3395978552,8.7649865952,12430240,0.0,1.0
VTRS,2022-09-26 00:00:00+00:00,8.53,8.66,8.48,8.57,15122315,8.4385254692,8.5671313673,8.3890616622,8.4780965147,15122315,0.0,1.0
VTRS,2022-09-27 00:00:00+00:00,8.48,8.755,8.42,8.6,10597969,8.3890616622,8.6611126005,8.3297050938,8.5077747989,10597969,0.0,1.0
VTRS,2022-09-28 00:00:00+00:00,8.73,8.75,8.495,8.56,11402659,8.6363806971,8.6561662198,8.4039008043,8.4682037534,11402659,0.0,1.0
VTRS,2022-09-29 00:00:00+00:00,8.6,8.68,8.445,8.62,8143256,8.5077747989,8.5869168901,8.3544369973,8.5275603217,8143256,0.0,1.0
VTRS,2022-09-30 00:00:00+00:00,8.52,8.805,8.5,8.62,8197479,8.4286327078,8.7105764075,8.408847185,8.5275603217,8197479,0.0,1.0
VTRS,2022-10-03 00:00:00+00:00,8.72,8.785,8.46,8.61,12861189,8.6264879357,8.6907908847,8.3692761394,8.5176675603,12861189,0.0,1.0
VTRS,2022-10-04 00:00:00+00:00,9.21,9.21,8.79,8.79,8796084,9.111233244,9.111233244,8.6957372654,8.6957372654,8796084,0.0,1.0
VTRS,2022-10-05 00:00:00+00:00,9.18,9.24,8.98,9.02,6141515,9.0815549598,9.1409115282,8.8836997319,8.9232707775,6141515,0.0,1.0
VTRS,2022-10-06 00:00:00+00:00,8.94,9.15,8.88,9.11,7022795,8.8441286863,9.0518766756,8.784772118,9.01230563,7022795,0.0,1.0
VTRS,2022-10-07 00:00:00+00:00,8.74,8.9,8.67,8.9,8055654,8.6462734584,8.8045576408,8.5770241287,8.8045576408,8055654,0.0,1.0
VTRS,2022-10-10 00:00:00+00:00,8.75,8.87,8.715,8.82,10426575,8.6561662198,8.7748793566,8.621541555,8.7254155496,10426575,0.0,1.0
VTRS,2022-10-11 00:00:00+00:00,9.39,9.6,8.73,8.74,25031915,9.2893029491,9.4970509383,8.6363806971,8.6462734584,25031915,0.0,1.0
VTRS,2022-10-12 00:00:00+00:00,9.39,9.68,9.255,9.4,10263206,9.2893029491,9.5761930295,9.1557506702,9.2991957105,10263206,0.0,1.0
VTRS,2022-10-13 00:00:00+00:00,9.65,9.815,9.24,9.31,12586348,9.5465147453,9.7097453083,9.1409115282,9.2101608579,12586348,0.0,1.0
VTRS,2022-10-14 00:00:00+00:00,9.55,9.72,9.505,9.71,7500764,9.4475871314,9.6157640751,9.4030697051,9.6058713137,7500764,0.0,1.0
VTRS,2022-10-17 00:00:00+00:00,9.61,9.71,9.52,9.65,6076935,9.5069436997,9.6058713137,9.4179088472,9.5465147453,6076935,0.0,1.0
VTRS,2022-10-18 00:00:00+00:00,9.61,9.79,9.575,9.7,6872539,9.5069436997,9.6850134048,9.4723190349,9.5959785523,6872539,0.0,1.0
VTRS,2022-10-19 00:00:00+00:00,9.38,9.56,9.23,9.55,6586848,9.2794101877,9.4574798928,9.1310187668,9.4475871314,6586848,0.0,1.0
VTRS,2022-10-20 00:00:00+00:00,9.34,9.5,9.3,9.39,4399931,9.2398391421,9.3981233244,9.2002680965,9.2893029491,4399931,0.0,1.0
VTRS,2022-10-21 00:00:00+00:00,9.38,9.44,9.135,9.28,5951014,9.2794101877,9.338766756,9.0370375335,9.1804825737,5951014,0.0,1.0
VTRS,2022-10-24 00:00:00+00:00,9.53,9.57,9.36,9.44,5641906,9.4278016086,9.4673726542,9.2596246649,9.338766756,5641906,0.0,1.0
VTRS,2022-10-25 00:00:00+00:00,9.78,9.8,9.47,9.48,12139699,9.6751206434,9.6949061662,9.3684450402,9.3783378016,12139699,0.0,1.0
VTRS,2022-10-26 00:00:00+00:00,9.97,10.0,9.81,9.84,7389741,9.8630831099,9.8927613941,9.7047989276,9.7344772118,7389741,0.0,1.0
VTRS,2022-10-27 00:00:00+00:00,9.87,10.065,9.86,9.98,6076142,9.764155496,9.9570643432,9.7542627346,9.8729758713,6076142,0.0,1.0
VTRS,2022-10-28 00:00:00+00:00,10.07,10.19,9.9002,9.93,7309568,9.9620107239,10.0807238606,9.7940316354,9.8235120643,7309568,0.0,1.0
VTRS,2022-10-31 00:00:00+00:00,10.13,10.16,9.98,10.02,9832884,10.0213672922,10.0510455764,9.8729758713,9.9125469169,9832884,0.0,1.0
VTRS,2022-11-01 00:00:00+00:00,10.25,10.31,10.065,10.19,7648992,10.140080429,10.1994369973,9.9570643432,10.0807238606,7648992,0.0,1.0
VTRS,2022-11-02 00:00:00+00:00,10.07,10.32,10.05,10.2,7387160,9.9620107239,10.2093297587,9.9422252011,10.090616622,7387160,0.0,1.0
VTRS,2022-11-03 00:00:00+00:00,9.67,9.95,9.65,9.94,8032998,9.5663002681,9.8432975871,9.5465147453,9.8334048257,8032998,0.0,1.0
VTRS,2022-11-04 00:00:00+00:00,9.7,9.88,9.525,9.75,11510275,9.5959785523,9.7740482574,9.4228552279,9.6454423592,11510275,0.0,1.0
VTRS,2022-11-07 00:00:00+00:00,10.97,11.43,10.26,10.34,29900261,10.8523592493,11.3074262735,10.1499731903,10.2291152815,29900261,0.0,1.0
VTRS,2022-11-08 00:00:00+00:00,11.1,11.295,10.75,11.01,14810274,10.9809651475,11.1738739946,10.6347184987,10.8919302949,14810274,0.0,1.0
VTRS,2022-11-09 00:00:00+00:00,10.83,11.04,10.82,11.04,8277651,10.7138605898,10.9216085791,10.7039678284,10.9216085791,8277651,0.0,1.0
VTRS,2022-11-10 00:00:00+00:00,11.34,11.43,11.05,11.15,9749271,11.2183914209,11.3074262735,10.9315013405,11.0304289544,9749271,0.0,1.0
VTRS,2022-11-11 00:00:00+00:00,11.44,11.525,11.19,11.37,8520692,11.3173190349,11.4014075067,11.07,11.2480697051,8520692,0.0,1.0
VTRS,2022-11-14 00:00:00+00:00,11.56,11.7,11.305,11.4,12861518,11.4360321716,11.5745308311,11.183766756,11.2777479893,12861518,0.0,1.0
VTRS,2022-11-15 00:00:00+00:00,11.32,11.84,11.27,11.66,6594697,11.1986058981,11.7130294906,11.1491420912,11.5349597855,6594697,0.0,1.0
VTRS,2022-11-16 00:00:00+00:00,11.08,11.35,10.98,11.27,24691896,10.9611796247,11.2282841823,10.8622520107,11.1491420912,24691896,0.0,1.0
VTRS,2022-11-17 00:00:00+00:00,10.96,11.01,10.84,10.9,6425743,10.8424664879,10.8919302949,10.7237533512,10.7831099196,6425743,0.0,1.0
VTRS,2022-11-18 00:00:00+00:00,11.0,11.04,10.865,11.01,7382368,10.8820375335,10.9216085791,10.7484852547,10.8919302949,7382368,0.0,1.0
VTRS,2022-11-21 00:00:00+00:00,11.09,11.13,10.855,11.01,7282368,10.9710723861,11.0106434316,10.7385924933,10.8919302949,7282368,0.0,1.0
VTRS,2022-11-22 00:00:00+00:00,11.07,11.1,10.94,10.94,8322679,11.07,11.1,10.94,10.94,8322679,0.12,1.0
VTRS,2022-11-23 00:00:00+00:00,11.02,11.075,10.885,10.98,5009648,11.02,11.075,10.885,10.98,5009648,0.0,1.0
VTRS,2022-11-25 00:00:00+00:00,11.14,11.14,10.9,11.01,5012070,11.14,11.14,10.9,11.01,5012070,0.0,1.0
VTRS,2022-11-28 00:00:00+00:00,11.06,11.17,10.975,11.12,19132957,11.06,11.17,10.975,11.12,19132957,0.0,1.0
VTRS,2022-11-29 00:00:00+00:00,11.18,11.2,11.0,11.11,7462758,11.18,11.2,11.0,11.11,7462758,0.0,1.0
VTRS,2022-11-30 00:00:00+00:00,11.03,11.14,10.74,11.12,19675187,11.03,11.14,10.74,11.12,19675187,0.0,1.0
VTRS,2022-12-01 00:00:00+00:00,11.24,11.26,10.96,11.04,9302749,11.24,11.26,10.96,11.04,9302749,0.0,1.0
VTRS,2022-12-02 00:00:00+00:00,11.17,11.23,11.1,11.175,4142101,11.17,11.23,11.1,11.175,4142101,0.0,1.0
VTRS,2022-12-05 00:00:00+00:00,10.92,11.14,10.85,11.14,5101678,10.92,11.14,10.85,11.14,5101678,0.0,1.0
VTRS,2022-12-06 00:00:00+00:00,10.93,11.0,10.77,10.9,6247793,10.93,11.0,10.77,10.9,6247793,0.0,1.0
VTRS,2022-12-07 00:00:00+00:00,10.9,10.99,10.84,10.93,5676843,10.9,10.99,10.84,10.93,5676843,0.0,1.0
VTRS,2022-12-08 00:00:00+00:00,10.96,11.0,10.82,10.9,6748277,10.96,11.0,10.82,10.9,6748277,0.0,1.0
VTRS,2022-12-09 00:00:00+00:00,10.78,11.0499,10.77,10.96,5832645,10.78,11.0499,10.77,10.96,5832645,0.0,1.0
VTRS,2022-12-12 00:00:00+00:00,11.14,11.165,10.72,10.76,7392537,11.14,11.165,10.72,10.76,7392537,0.0,1.0
VTRS,2022-12-13 00:00:00+00:00,11.34,11.45,11.27,11.35,12107375,11.34,11.45,11.27,11.35,12107375,0.0,1.0
VTRS,2022-12-14 00:00:00+00:00,11.32,11.425,11.205,11.29,7602847,11.32,11.425,11.205,11.29,7602847,0.0,1.0
VTRS,2022-12-15 00:00:00+00:00,11.14,11.34,11.125,11.26,6480278,11.14,11.34,11.125,11.26,6480278,0.0,1.0
VTRS,2022-12-16 00:00:00+00:00,10.96,11.1,10.89,11.08,25123120,10.96,11.1,10.89,11.08,25123120,0.0,1.0
VTRS,2022-12-19 00:00:00+00:00,10.91,11.14,10.87,10.95,9274721,10.91,11.14,10.87,10.95,9274721,0.0,1.0
VTRS,2022-12-20 00:00:00+00:00,10.74,11.01,10.73,10.975,7303757,10.74,11.01,10.73,10.975,7303757,0.0,1.0
VTRS,2022-12-21 00:00:00+00:00,10.85,10.97,10.815,10.85,5545438,10.85,10.97,10.815,10.85,5545438,0.0,1.0
VTRS,2022-12-22 00:00:00+00:00,10.75,10.81,10.555,10.8,5754598,10.75,10.81,10.555,10.8,5754598,0.0,1.0
VTRS,2022-12-23 00:00:00+00:00,11.01,11.025,10.71,10.72,6653827,11.01,11.025,10.71,10.72,6653827,0.0,1.0
VTRS,2022-12-27 00:00:00+00:00,11.04,11.08,10.94,11.03,4498096,11.04,11.08,10.94,11.03,4498096,0.0,1.0
VTRS,2022-12-28 00:00:00+00:00,10.92,11.13,10.85,11.04,5431389,10.92,11.13,10.85,11.04,5431389,0.0,1.0
VTRS,2022-12-29 00:00:00+00:00,11.13,11.22,10.87,10.87,6404752,11.13,11.22,10.87,10.87,6404752,0.0,1.0
VTRS,2022-12-30 00:00:00+00:00,11.13,11.18,10.96,11.09,6587990,11.13,11.18,10.96,11.09,6587990,0.0,1.0
